animal,bin_width_s,event_mode,global_mode,n_cells_equalized,CNO_minus_VEH_sample_test_minus_of1_of2_mean,cell_subset_q025,cell_subset_q975
R004,1.0,frames,raw,96,-0.08416741090804841,-0.12244407370499621,-0.04729348086306491
R005,1.0,frames,raw,103,0.1791738949724528,0.1072918186287438,0.267787889868825
R006,1.0,frames,raw,61,-0.20980852155052468,-0.27196867874972264,-0.16094960102199207
R004,1.0,frames,population_mode_removed,96,-0.08279554591373685,-0.1175579772519029,-0.0465334417959347
R005,1.0,frames,population_mode_removed,103,0.16373552060510346,0.08287563340780302,0.25399260387400197
R006,1.0,frames,population_mode_removed,61,-0.32373469820465656,-0.38397317011435017,-0.27244276288548774
R004,0.5,frames,raw,98,-0.11524611525493507,-0.15649693560206368,-0.07594077052989748
R005,0.5,frames,raw,112,0.16210390039288064,0.08389228129001516,0.24182019617952596
R006,0.5,frames,raw,62,-0.1757894317985602,-0.22705719709597566,-0.13294934872229824
R004,0.5,frames,population_mode_removed,98,-0.11366788215745963,-0.15899159807455263,-0.07096137933240047
R005,0.5,frames,population_mode_removed,112,0.1497690302157272,0.05379125218013489,0.23673375822623977
R006,0.5,frames,population_mode_removed,62,-0.2941030996340093,-0.352562369832645,-0.24647462024621972
R004,2.0,frames,raw,94,-0.0701451235931366,-0.10188934134356184,-0.04246218624485541
R005,2.0,frames,raw,96,0.1851193620129514,0.11408354673031593,0.2616389084938706
R006,2.0,frames,raw,61,-0.22418677755100647,-0.29291627462398745,-0.17711174082924927
R004,2.0,frames,population_mode_removed,94,-0.06169081857344693,-0.09286924226732704,-0.03524635835624939
R005,2.0,frames,population_mode_removed,96,0.1724080747155505,0.093588886323671,0.2570616270580186
R006,2.0,frames,population_mode_removed,61,-0.32996736865788784,-0.4004092337872795,-0.27794971994484147
