animal,treatment,day_id,bin_width_s,event_mode,global_mode,n_cells_after_half_qc,n_cells_equalized,n_bins_OF1,n_bins_SAMPLE,n_bins_TEST,n_bins_OF2,sample_test_full_observed,sample_test_identity_null_mean,sample_test_identity_null_q95,sample_test_identity_null_p_upper,sample_test_time_shift_null_q95,sample_test_time_shift_null_p_upper,reliability_OF1_mean,reliability_OF1_q025,reliability_OF1_q975,reliability_SAMPLE_mean,reliability_SAMPLE_q025,reliability_SAMPLE_q975,reliability_TEST_mean,reliability_TEST_q025,reliability_TEST_q975,reliability_OF2_mean,reliability_OF2_q025,reliability_OF2_q975,similarity_OF1_SAMPLE_mean,similarity_OF1_SAMPLE_q025,similarity_OF1_SAMPLE_q975,similarity_OF1_TEST_mean,similarity_OF1_TEST_q025,similarity_OF1_TEST_q975,similarity_OF1_OF2_mean,similarity_OF1_OF2_q025,similarity_OF1_OF2_q975,similarity_SAMPLE_TEST_mean,similarity_SAMPLE_TEST_q025,similarity_SAMPLE_TEST_q975,similarity_SAMPLE_OF2_mean,similarity_SAMPLE_OF2_q025,similarity_SAMPLE_OF2_q975,similarity_TEST_OF2_mean,similarity_TEST_OF2_q025,similarity_TEST_OF2_q975,sample_test_minus_of1_of2_mean,sample_test_minus_of1_of2_q025,sample_test_minus_of1_of2_q975,sample_test_identity_holm_p,sample_test_time_shift_holm_p
R004,VEH,R004_2026_06_21_merged,1.0,frames,raw,96,96,649,631,649,649,0.19122559143892848,-0.0010602705893490944,0.017391739013062225,0.005,nan,nan,0.2738580917040055,0.2738580917040055,0.2738580917040055,0.2474474964232476,0.2474474964232476,0.2474474964232476,0.2397996701700333,0.23979967017003334,0.23979967017003334,0.19796252151767796,0.19796252151767796,0.19796252151767796,0.19198340259955682,0.19198340259955682,0.19198340259955682,0.18144065597009276,0.18144065597009276,0.18144065597009276,0.1295058648922436,0.1295058648922436,0.1295058648922436,0.19122559143892848,0.19122559143892848,0.19122559143892848,0.14872115085777282,0.14872115085777282,0.14872115085777282,0.16193910754065066,0.16193910754065063,0.16193910754065063,0.06171972654668489,0.06171972654668487,0.06171972654668487,nan,nan
R004,CNO,R004_2026_06_19_merged,1.0,frames,raw,169,96,649,649,649,649,0.10731822240148733,5.4931660613436756e-05,0.009936169958797543,0.005,nan,nan,0.1733029083916161,0.1300098784445078,0.21795568071255955,0.14911643724746143,0.10736580204330512,0.19093085681493877,0.16419553916732815,0.12007415429002445,0.2059700561723328,0.2135060914473843,0.16367645782524298,0.2642355935512582,0.10573549933045216,0.07461181172236062,0.13544576933198496,0.11011136317143423,0.07892107945843496,0.13934797606066182,0.129202814653598,0.09335592831164675,0.16652141543015933,0.10675513029223445,0.07632318800311125,0.13873173668569466,0.0983309896910482,0.07059456250861473,0.13133070530590651,0.13037221806735835,0.09738821109233954,0.16636421634018425,-0.022447684361363553,-0.06072434715831134,0.014426245683619957,nan,nan
R005,VEH,R005_2026_06_19_merged,1.0,frames,raw,103,103,649,649,649,649,0.12952874522045252,0.0007213058649509821,0.023656081033663085,0.005,nan,nan,0.4337396798395066,0.4337396798395067,0.4337396798395067,0.5985294422594959,0.598529442259496,0.598529442259496,0.3858260451445616,0.3858260451445616,0.3858260451445616,0.5557176989338111,0.5557176989338112,0.5557176989338112,0.1740887196454155,0.1740887196454155,0.1740887196454155,0.15715387943545675,0.15715387943545675,0.15715387943545675,0.2325421830732011,0.23254218307320118,0.23254218307320118,0.12952874522045252,0.12952874522045252,0.12952874522045252,0.19409457237848202,0.19409457237848202,0.19409457237848202,0.18789022555428112,0.1878902255542811,0.1878902255542811,-0.10301343785274866,-0.10301343785274866,-0.10301343785274866,nan,nan
R005,CNO,R005_2026_06_21_merged,1.0,frames,raw,140,103,649,649,649,649,0.3168610433524338,-0.0011968458230067309,0.011593121307130617,0.005,nan,nan,0.6090118069422332,0.5407281623813399,0.6751750182102493,0.6398865394651376,0.5812330022797667,0.6858568676464656,0.44223349123132777,0.38224068167718595,0.5065257364600629,0.7131581735627855,0.6471171370470474,0.7646006167447665,0.16495360350562588,0.11951849511916501,0.21208221135329094,0.22147134942229052,0.16599070131588312,0.2755053192774713,0.24283487689543876,0.1667636807348703,0.3051663872457024,0.3189953340151429,0.2471453468656762,0.3956263048642105,0.1973937547825219,0.12622380335270084,0.27223607201803274,0.3193546074276793,0.239303164192458,0.39473042901206457,0.07616045711970415,0.004278380775995137,0.1647744520160763,nan,nan
R006,VEH,R006_2026_06_20_merged,1.0,frames,raw,61,61,649,649,649,649,0.4905785870721616,-0.00012912683714538862,0.04110467560252516,0.005,nan,nan,0.7372450204604232,0.7372450204604232,0.7372450204604232,0.7969749006248554,0.7969749006248554,0.7969749006248554,0.8000310200376515,0.8000310200376514,0.8000310200376514,0.6277182604625304,0.6277182604625302,0.6277182604625302,0.5688833151303978,0.5688833151303978,0.5688833151303978,0.49735502476195464,0.4973550247619545,0.4973550247619545,0.32032777302694276,0.32032777302694276,0.32032777302694276,0.4905785870721617,0.4905785870721616,0.4905785870721616,0.3669383143399624,0.36693831433996243,0.36693831433996243,0.4736263027776407,0.47362630277764084,0.47362630277764084,0.17025081404521886,0.17025081404521886,0.17025081404521886,nan,nan
R006,CNO,R006_2026_06_22_merged,1.0,frames,raw,80,61,649,649,649,649,0.605822516981152,0.0003719726848696568,0.033236489408385826,0.005,nan,nan,0.7723154793770933,0.708046330999854,0.8406851638740537,0.7823443471221471,0.7259366569880225,0.8260896807702401,0.8538650978294818,0.8151576970213354,0.8809727437454907,0.8044964374533415,0.7527221311650919,0.8482515549363708,0.6706916680949775,0.6082002696956823,0.7245838533875669,0.6456054581004554,0.5820074171400426,0.7027707254601585,0.6432923643309334,0.579121869381046,0.7126677582516596,0.6037346568256275,0.5363517245080902,0.6563636242202776,0.6456346286631589,0.571452325653628,0.7140971573500764,0.6725247535356913,0.597598697948403,0.7442800633445109,-0.039557707505305836,-0.10171786470450381,0.009301213023226796,nan,nan
R004,VEH,R004_2026_06_21_merged,1.0,frames,population_mode_removed,96,96,649,631,649,649,0.19322767132915514,-0.00011816353855055716,0.016398530348590984,0.005,0.019837758103521896,0.005,0.2770663208288367,0.27706632082883664,0.27706632082883664,0.25351442215858194,0.253514422158582,0.253514422158582,0.23621473562620005,0.23621473562620007,0.23621473562620007,0.19775092916733766,0.19775092916733764,0.19775092916733764,0.19805278398890677,0.1980527839889068,0.1980527839889068,0.1815038942590599,0.18150389425905997,0.18150389425905997,0.1328955272163408,0.1328955272163408,0.1328955272163408,0.19322767132915517,0.19322767132915514,0.19322767132915514,0.14652713019593175,0.14652713019593178,0.14652713019593178,0.1541694957721144,0.1541694957721144,0.1541694957721144,0.060332144112814366,0.060332144112814345,0.060332144112814345,0.03,0.03
R004,CNO,R004_2026_06_19_merged,1.0,frames,population_mode_removed,169,96,649,649,649,649,0.1059487420517136,-0.00030081898981943134,0.009836708468324334,0.005,0.009303093162162414,0.005,0.1723555985375172,0.1309205039986227,0.21639725965285597,0.15211725980573923,0.10744813219333042,0.190325338745884,0.16206167636312904,0.11600764893537,0.20254766789242468,0.20870038747870695,0.1593931745085604,0.25888672511173044,0.10561513958560502,0.07193684818386002,0.13609011951816127,0.10952351848087631,0.07907675483169341,0.13657669958264318,0.12782656628826408,0.09114015876826109,0.1644183355271641,0.10536316448734158,0.07484869343827386,0.13485824540632094,0.10011620963845541,0.07503675103265295,0.13306503685583454,0.12730119677716076,0.09332543304258352,0.16090552882183629,-0.0224634018009225,-0.05722583313908855,0.013798702316879645,0.03,0.03
R005,VEH,R005_2026_06_19_merged,1.0,frames,population_mode_removed,103,103,649,649,649,649,0.10968090734636404,0.0012281878812963245,0.022752017795694728,0.005,0.016894973276618236,0.005,0.4023265432812488,0.4023265432812487,0.4023265432812487,0.47282009751070403,0.47282009751070403,0.47282009751070403,0.3372803538980021,0.33728035389800204,0.33728035389800204,0.41739239264566225,0.41739239264566236,0.41739239264566236,0.1498892199801091,0.14988921998010907,0.14988921998010907,0.14228375295461126,0.14228375295461132,0.14228375295461132,0.20631067167392916,0.20631067167392925,0.20631067167392925,0.10968090734636406,0.10968090734636404,0.10968090734636404,0.17712653645650128,0.17712653645650128,0.17712653645650128,0.14639723597701138,0.14639723597701138,0.14639723597701138,-0.0966297643275652,-0.0966297643275652,-0.0966297643275652,0.03,0.03
R005,CNO,R005_2026_06_21_merged,1.0,frames,population_mode_removed,140,103,649,649,649,649,0.2856777062824424,0.00036592275458144656,0.011596110564176471,0.005,0.02059075021880992,0.005,0.6208228499964795,0.5520742619775608,0.6901663975107313,0.6450974546891304,0.5723718514588724,0.6936461996695031,0.3951925411792111,0.32584905194395664,0.45907854643169754,0.6695759617697385,0.6034682777344815,0.7190658704889825,0.14137086132208354,0.08998035500129388,0.2016086953645875,0.18770427127047928,0.13572094751776298,0.24344773995462612,0.22106598986501624,0.14205484497887289,0.29238779476833143,0.2881717461425545,0.22267072888425324,0.3655181286275221,0.17380130989202072,0.09828798238904335,0.26065718295678153,0.30275718502456955,0.23110769355206015,0.37541881680988937,0.06710575627753826,-0.013754130919762181,0.1573628395464368,0.03,0.03
R006,VEH,R006_2026_06_20_merged,1.0,frames,population_mode_removed,61,61,649,649,649,649,0.5702043564488963,0.000630794373163306,0.039924519184128204,0.005,0.03356917516607998,0.005,0.768564849014231,0.7685648490142312,0.7685648490142312,0.7815364048376382,0.7815364048376384,0.7815364048376384,0.775792634586587,0.775792634586587,0.775792634586587,0.4440710035407713,0.4440710035407712,0.4440710035407712,0.5737574174083795,0.5737574174083797,0.5737574174083797,0.5338330307503283,0.5338330307503284,0.5338330307503284,0.2864343908263232,0.28643439082632327,0.28643439082632327,0.5702043564488964,0.5702043564488963,0.5702043564488963,0.36271659534393486,0.36271659534393486,0.36271659534393486,0.36769323789574926,0.36769323789574926,0.36769323789574926,0.28376996562257295,0.28376996562257306,0.28376996562257306,0.03,0.03
R006,CNO,R006_2026_06_22_merged,1.0,frames,population_mode_removed,80,61,649,649,649,649,0.6362339637229333,0.0003275482269679925,0.03407991992192591,0.005,0.03591502771902832,0.005,0.7831952783616825,0.7257272662216698,0.8444721141207101,0.8027909111235985,0.744353099838705,0.8453644908477391,0.8781890979527673,0.8425869194408625,0.9032739621988047,0.805301236182614,0.766187576345837,0.8382457353594679,0.7027804637811766,0.6391247364948935,0.7557134814299193,0.6802668160058678,0.6121521460018834,0.7381397043401102,0.6738612635558486,0.6148974255718211,0.7414841919121525,0.6338965309737651,0.5620416419293361,0.6868807485850651,0.6642926273447892,0.5914442969357459,0.7301404826511628,0.6955142682530413,0.6197021852209077,0.7555161852305877,-0.03996473258208352,-0.10020320449177711,0.011327202737085302,0.03,0.03
R004,VEH,R004_2026_06_21_merged,0.5,frames,raw,98,98,1299,1263,1299,1299,0.22409326109971578,0.0012999918342558692,0.018449046130024713,0.005,nan,nan,0.28826919774428894,0.2882691977442889,0.2882691977442889,0.29989631549846374,0.29989631549846363,0.29989631549846363,0.2755133855166009,0.2755133855166008,0.2755133855166008,0.2065432195643694,0.2065432195643694,0.2065432195643694,0.2053435402848027,0.20534354028480267,0.20534354028480267,0.20421062559185077,0.20421062559185077,0.20421062559185077,0.14533364028721926,0.1453336402872193,0.1453336402872193,0.2240932610997158,0.22409326109971578,0.22409326109971578,0.20107525293216535,0.20107525293216538,0.20107525293216538,0.17924573484568454,0.1792457348456845,0.1792457348456845,0.0787596208124965,0.07875962081249649,0.07875962081249649,nan,nan
R004,CNO,R004_2026_06_19_merged,0.5,frames,raw,169,98,1299,1299,1299,1299,0.11375824359431873,-0.000403862564856938,0.007190417011161018,0.005,nan,nan,0.18703627950841933,0.13997147351777375,0.2324924701250122,0.16312212307211246,0.11814262385241944,0.20885031665403989,0.1903152385448571,0.1376882021700019,0.2400987298136782,0.23178235658429283,0.17579798914401162,0.28646822771059366,0.11824929356638775,0.07875738878102426,0.15943530858318555,0.12810294824888208,0.09418265452278297,0.15888662158002137,0.14836158561832943,0.10035234086485803,0.19580213541535066,0.11187509117589087,0.08060168047796482,0.14379590328152111,0.10864298015412566,0.071124356719425,0.1424443295003396,0.14185856426045423,0.10001523068557563,0.17861025770045103,-0.03648649444243857,-0.07773731478956718,0.002818850282599015,nan,nan
R005,VEH,R005_2026_06_19_merged,0.5,frames,raw,112,112,1299,1299,1299,1299,0.1385164262822025,0.0008030597303180884,0.024227445958985645,0.005,nan,nan,0.4619800258260733,0.4619800258260733,0.4619800258260733,0.6143679290809283,0.6143679290809283,0.6143679290809283,0.4485708452605479,0.4485708452605479,0.4485708452605479,0.5893938493744775,0.5893938493744774,0.5893938493744774,0.18603314177885624,0.18603314177885621,0.18603314177885621,0.16391410024441558,0.1639141002444156,0.1639141002444156,0.2120484595584213,0.21204845955842122,0.21204845955842122,0.1385164262822025,0.1385164262822025,0.1385164262822025,0.18408660934893795,0.18408660934893795,0.18408660934893795,0.18680858307608084,0.18680858307608084,0.18680858307608084,-0.07353203327621871,-0.07353203327621871,-0.07353203327621871,nan,nan
R005,CNO,R005_2026_06_21_merged,0.5,frames,raw,146,112,1299,1299,1299,1299,0.3518443663738495,0.00020272818825498143,0.019796389959153348,0.005,nan,nan,0.6335697157031734,0.5628538159457634,0.6933129586817907,0.6854314242778077,0.6447712827793057,0.7210203885755657,0.5037091670450997,0.4388811775465043,0.5561241646749197,0.7387542391176436,0.6879438495708879,0.7852601169307081,0.17430522201747725,0.1254336207658727,0.2334384460312997,0.24544081537093124,0.17669880928505416,0.3045163055485678,0.2598053889586055,0.19282072340482972,0.3304979652552786,0.3483772560752674,0.2794964594097968,0.42456218431622034,0.20479278700669856,0.14034339962964157,0.28640862621103547,0.3394805992442986,0.26559301853320255,0.4185237769364652,0.08857186711666191,0.01036024801379645,0.16828816290330725,nan,nan
R006,VEH,R006_2026_06_20_merged,0.5,frames,raw,62,62,1299,1299,1299,1299,0.5202290051311351,0.0012229548331671757,0.057612593874867286,0.005,nan,nan,0.7845005088548396,0.7845005088548396,0.7845005088548396,0.845598846046841,0.8455988460468412,0.8455988460468412,0.8481370499502242,0.8481370499502241,0.8481370499502241,0.6617192343454841,0.661719234345484,0.661719234345484,0.6316824904209476,0.6316824904209475,0.6316824904209475,0.570859539959617,0.570859539959617,0.570859539959617,0.38392382909332456,0.3839238290933245,0.3839238290933245,0.5202290051311351,0.5202290051311351,0.5202290051311351,0.3988219881751461,0.39882198817514614,0.39882198817514614,0.5062051350974422,0.5062051350974424,0.5062051350974424,0.13630517603781064,0.13630517603781062,0.13630517603781062,nan,nan
R006,CNO,R006_2026_06_22_merged,0.5,frames,raw,81,62,1299,1299,1299,1299,0.6379739850949109,-0.0007206307384469399,0.02795244766691458,0.005,nan,nan,0.8075054554868957,0.7572633983628768,0.8555267445434491,0.8260296226702505,0.7852058785279021,0.8608388669801866,0.8708553506160519,0.836348258667533,0.9008588727889302,0.8305637934293847,0.7962277810375354,0.8670437851490014,0.7117490542144929,0.655199903903576,0.761558681100257,0.6627959583002675,0.6077992287772177,0.7206758125740692,0.6719014672430234,0.6019292689976392,0.7400989304042518,0.6324172114822737,0.5638468423074213,0.6906634727761283,0.6722835580340807,0.5989324594398258,0.7337232958997572,0.6902934493147745,0.6204991255482537,0.7424788480614599,-0.03948425576074957,-0.09075202105816504,0.003355827315512385,nan,nan
R004,VEH,R004_2026_06_21_merged,0.5,frames,population_mode_removed,98,98,1299,1263,1299,1299,0.22537354981812618,-0.0006860905034419187,0.01565766936785643,0.005,nan,nan,0.28924158426914204,0.28924158426914204,0.28924158426914204,0.30215128496970267,0.3021512849697026,0.3021512849697026,0.26902798657946464,0.26902798657946464,0.26902798657946464,0.21085789234865682,0.21085789234865682,0.21085789234865682,0.2089412172701071,0.20894121727010717,0.20894121727010717,0.2049071424145996,0.2049071424145996,0.2049071424145996,0.14805266313327017,0.1480526631332702,0.1480526631332702,0.22537354981812627,0.22537354981812618,0.22537354981812618,0.19970421257450027,0.1997042125745003,0.1997042125745003,0.17029907068141165,0.17029907068141165,0.17029907068141165,0.077320886684856,0.07732088668485598,0.07732088668485598,nan,nan
R004,CNO,R004_2026_06_19_merged,0.5,frames,population_mode_removed,169,98,1299,1299,1299,1299,0.11189394406256273,0.00026784670526884574,0.01051200822313766,0.005,nan,nan,0.18587260827800725,0.14038304697911538,0.23229728263483404,0.16478832646792518,0.1185013984232719,0.21087790131823478,0.18691598301296827,0.13494169513203955,0.23856530580735355,0.22530017328438884,0.1679193854835806,0.2796542674692788,0.11740458498492856,0.07637127303521492,0.15714616035808412,0.12720861161193456,0.0966070769413961,0.15674200363520754,0.14660150914450445,0.09645214174542285,0.19472530519495507,0.11025451367190083,0.0800122049865112,0.14374456379691525,0.10977825596111654,0.07346494166884482,0.14276137360454805,0.1390047978840406,0.09694190059339942,0.17785030241385918,-0.03634699547260364,-0.08167071138969663,0.006359507352455516,nan,nan
R005,VEH,R005_2026_06_19_merged,0.5,frames,population_mode_removed,112,112,1299,1299,1299,1299,0.119394806885526,-0.000729041138041053,0.01655569997250192,0.005,nan,nan,0.4303643690094009,0.430364369009401,0.430364369009401,0.4904874499156431,0.4904874499156429,0.4904874499156429,0.37390508351351653,0.3739050835135165,0.3739050835135165,0.4274584921844483,0.4274584921844482,0.4274584921844482,0.15699200201707966,0.15699200201707966,0.15699200201707966,0.14780445863935607,0.14780445863935604,0.14780445863935604,0.19169795939669054,0.19169795939669054,0.19169795939669054,0.11939480688552596,0.119394806885526,0.119394806885526,0.1740048379926921,0.17400483799269206,0.17400483799269206,0.15138905409086686,0.15138905409086684,0.15138905409086684,-0.07230315251116455,-0.07230315251116454,-0.07230315251116454,nan,nan
R005,CNO,R005_2026_06_21_merged,0.5,frames,population_mode_removed,146,112,1299,1299,1299,1299,0.31063576280802696,-0.0003692813069680654,0.01378962041420555,0.005,nan,nan,0.6352385342932375,0.5582673267491076,0.7001223779555179,0.6870345948520149,0.6330037679555334,0.7272406230734896,0.4562704432822146,0.39277527423550757,0.5157550396281978,0.6862808738894326,0.6301652562770665,0.7323393427875922,0.14278789323208127,0.08695829010077163,0.21891843064584937,0.20282711475379095,0.1414927737092336,0.27514191041191244,0.22940941612131482,0.16164390276687077,0.3189205502979083,0.3068752938258776,0.24187645553409784,0.38470264271577276,0.1833449393577558,0.10841434516171512,0.283727640767786,0.32832698821609396,0.25532947827221825,0.3981886506668038,0.07746587770456266,-0.018511900331029642,0.16443060571507523,nan,nan
R006,VEH,R006_2026_06_20_merged,0.5,frames,population_mode_removed,62,62,1299,1299,1299,1299,0.6054603529225449,0.0009561139704703466,0.03995802353183737,0.005,nan,nan,0.8099649108653922,0.809964910865392,0.809964910865392,0.8173542246056692,0.8173542246056695,0.8173542246056695,0.835039685270778,0.835039685270778,0.835039685270778,0.4718899874672297,0.47188998746722977,0.47188998746722977,0.635835242552151,0.635835242552151,0.635835242552151,0.5981055202565884,0.5981055202565884,0.5981055202565884,0.33331139994905706,0.333311399949057,0.333311399949057,0.605460352922545,0.6054603529225449,0.6054603529225449,0.3860491980928992,0.3860491980928991,0.3860491980928991,0.3936033609356882,0.39360336093568826,0.39360336093568826,0.27214895297348773,0.27214895297348785,0.27214895297348785,nan,nan
R006,CNO,R006_2026_06_22_merged,0.5,frames,population_mode_removed,81,62,1299,1299,1299,1299,0.6717390832925192,-0.0008126543553491317,0.02694790565699554,0.005,nan,nan,0.8161162053300778,0.7716158949573694,0.8580798639406286,0.8424899203599909,0.8006858571364711,0.8743487453147779,0.9018756554689261,0.8736379390486985,0.9247259890022168,0.8080220087171044,0.7707540291004831,0.8380679122651594,0.7368813420561245,0.6817029095302753,0.7848726495515905,0.6974047187032099,0.6395807806952184,0.7497613513392352,0.6867461701461302,0.6163703266697894,0.7564100082898323,0.6647920234856087,0.5985912946964612,0.7198323403155702,0.6872265576861741,0.6161030537472207,0.7519226398293123,0.7101888381755718,0.6458077465176231,0.7563823082727987,-0.021954146660521468,-0.08041341685915714,0.025674332727268136,nan,nan
R004,VEH,R004_2026_06_21_merged,2.0,frames,raw,94,94,324,315,324,324,0.16069294097645478,-0.0001041369017901471,0.020828712938568358,0.005,nan,nan,0.2511216015452052,0.2511216015452052,0.2511216015452052,0.19134834228763534,0.19134834228763534,0.19134834228763534,0.21660236068728048,0.2166023606872805,0.2166023606872805,0.18464217567302066,0.18464217567302063,0.18464217567302063,0.17089918715473496,0.17089918715473496,0.17089918715473496,0.15184020709969778,0.15184020709969775,0.15184020709969775,0.10192000228088663,0.10192000228088663,0.10192000228088663,0.16069294097645478,0.16069294097645478,0.16069294097645478,0.11583622445629198,0.11583622445629194,0.11583622445629194,0.14915480599055184,0.1491548059905518,0.1491548059905518,0.058772938695568176,0.058772938695568155,0.058772938695568155,nan,nan
R004,CNO,R004_2026_06_19_merged,2.0,frames,raw,169,94,324,324,324,324,0.09808591627375302,0.00015131641142453986,0.008964086631076092,0.005,nan,nan,0.16086217984964782,0.12077336220317143,0.20007192100806212,0.15957952989650193,0.12206885088229626,0.1946264310623322,0.142540423332005,0.09338652904244277,0.18164946756207875,0.19613736786967473,0.15058813907482285,0.2436775043976811,0.09962299785817566,0.07273001135995322,0.13041893683934805,0.10112821931427383,0.07556063037198682,0.12575696352494728,0.11023253162922222,0.07867767541552616,0.1396010214036853,0.09886034673165378,0.07191834635940644,0.12439864920213195,0.09045201303653494,0.06474250353988331,0.11547690249165132,0.11301732246122807,0.08573801834880955,0.14207456223133208,-0.011372184897568438,-0.043116402647993685,0.016310752450712743,nan,nan
R005,VEH,R005_2026_06_19_merged,2.0,frames,raw,96,96,324,324,324,324,0.11916628822183875,0.0005335174768982516,0.021235559080491385,0.005,nan,nan,0.4177437466905378,0.41774374669053793,0.41774374669053793,0.5522884657834305,0.5522884657834306,0.5522884657834306,0.33896231391841397,0.338962313918414,0.338962313918414,0.5623294340107218,0.5623294340107218,0.5623294340107218,0.1613267977670053,0.16132679776700531,0.16132679776700531,0.17089556461063787,0.17089556461063785,0.17089556461063785,0.24353928046590048,0.24353928046590056,0.24353928046590056,0.11916628822183874,0.11916628822183875,0.11916628822183875,0.18419774077873874,0.18419774077873874,0.18419774077873874,0.1929793672287458,0.1929793672287458,0.1929793672287458,-0.1243729922440618,-0.12437299224406181,-0.12437299224406181,nan,nan
R005,CNO,R005_2026_06_21_merged,2.0,frames,raw,134,96,324,324,324,324,0.28753191690563096,0.0013556209491991907,0.0147885437914508,0.005,nan,nan,0.578703076802769,0.5061542168727953,0.6471314810863411,0.5434018085937283,0.47663079494289023,0.6003041874110702,0.38254210073525924,0.315392465578116,0.4453429797444931,0.6682754760198081,0.5999072781968089,0.7247613471156605,0.1431227624030055,0.08962760187391518,0.19542601744177804,0.1995704633185686,0.14705178971102184,0.2648376766831817,0.2263434066663114,0.1577561455990408,0.298242330693364,0.28708977643520095,0.21991232955624268,0.3571519560607475,0.16901359710009686,0.10540075866572146,0.24525097649298477,0.28517992405020265,0.2152175241389209,0.3625944293253604,0.06074636976888958,-0.010289445513745884,0.13726591624980877,nan,nan
R006,VEH,R006_2026_06_20_merged,2.0,frames,raw,61,61,324,324,324,324,0.42845407772616795,0.003110458085782382,0.04287521049392521,0.005,nan,nan,0.6664193640509976,0.6664193640509974,0.6664193640509974,0.7190439200288407,0.7190439200288407,0.7190439200288407,0.7121668354711045,0.7121668354711043,0.7121668354711043,0.5935568901755408,0.5935568901755408,0.5935568901755408,0.4890656722661219,0.48906567226612174,0.48906567226612174,0.3842126435119441,0.3842126435119442,0.3842126435119442,0.23887304037765308,0.238873040377653,0.238873040377653,0.42845407772616795,0.42845407772616795,0.42845407772616795,0.30659458769246045,0.30659458769246045,0.30659458769246045,0.4041046921737812,0.4041046921737812,0.4041046921737812,0.18958103734851495,0.18958103734851495,0.18958103734851495,nan,nan
R006,CNO,R006_2026_06_22_merged,2.0,frames,raw,79,61,324,324,324,324,0.5583889727656668,0.002043135052991411,0.03422376590404067,0.005,nan,nan,0.7115805393212719,0.6208285048251139,0.7830001696286416,0.6948721748402806,0.615438869520164,0.7663063973996269,0.8216174876221328,0.773627191657611,0.8561736901443943,0.7616246801697344,0.7034899542482496,0.8072029533169897,0.5918122455133201,0.5119235338449565,0.6519929710068765,0.6156933473497894,0.5521843381441147,0.6769741582791505,0.587270410049306,0.5183984776150595,0.6647599467646245,0.5526646698468144,0.4851390988577746,0.6170798731735675,0.5898900760394113,0.5117227485285398,0.6618901744736646,0.6283657292376991,0.558118314133383,0.7015637253384014,-0.03460574020249151,-0.10333523727547253,0.01246929651926567,nan,nan
R004,VEH,R004_2026_06_21_merged,2.0,frames,population_mode_removed,94,94,324,315,324,324,0.16239922059641693,0.000413907482974216,0.017622671966365647,0.005,nan,nan,0.24827372366620182,0.24827372366620182,0.24827372366620182,0.20484383399435305,0.20484383399435305,0.20484383399435305,0.21881732696300601,0.21881732696300601,0.21881732696300601,0.18758295974467523,0.18758295974467526,0.18758295974467526,0.1791361900689386,0.1791361900689386,0.1791361900689386,0.14839050806013762,0.14839050806013765,0.14839050806013765,0.10670926080240395,0.10670926080240395,0.10670926080240395,0.1623992205964169,0.16239922059641693,0.16239922059641693,0.11345761000660337,0.11345761000660337,0.11345761000660337,0.14689793599030895,0.14689793599030898,0.14689793599030898,0.055689959794013,0.05568995979401298,0.05568995979401298,nan,nan
R004,CNO,R004_2026_06_19_merged,2.0,frames,population_mode_removed,169,94,324,324,324,324,0.10016639189406532,-0.0002882904199882525,0.009757772561999863,0.005,nan,nan,0.1578303518025634,0.11757569962045125,0.19876109601181646,0.16574404720687777,0.12665408307700973,0.20234007901949044,0.14264379690421347,0.09876300660839119,0.18780275115588202,0.1857853170767502,0.143439611468316,0.22725517124305147,0.101469304516617,0.07378597001026209,0.13296507342160335,0.1008351967399036,0.07683992061271812,0.125856967433666,0.10685244266415632,0.07523894125626261,0.13675622993912184,0.10085158388472237,0.07260282584387265,0.12541074138105518,0.09229210755927951,0.06614163152842835,0.11902592202627635,0.11024639982648583,0.08273409066939055,0.13814883170606668,-0.006000858779433948,-0.03717928247331406,0.020443601437763588,nan,nan
R005,VEH,R005_2026_06_19_merged,2.0,frames,population_mode_removed,96,96,324,324,324,324,0.09351259258713453,0.0005104541210214935,0.0174263631004325,0.005,nan,nan,0.376349011220845,0.37634901122084496,0.37634901122084496,0.38937357215725393,0.3893735721572539,0.3893735721572539,0.3191526977943822,0.3191526977943822,0.3191526977943822,0.4241425537861873,0.42414255378618715,0.42414255378618715,0.13567757209671935,0.13567757209671935,0.13567757209671935,0.15087112492203938,0.1508711249220394,0.1508711249220394,0.21379608398240577,0.2137960839824057,0.2137960839824057,0.09351259258713453,0.09351259258713453,0.09351259258713453,0.15787839007127946,0.15787839007127946,0.15787839007127946,0.1615480446692998,0.16154804466929978,0.16154804466929978,-0.12028349139527121,-0.12028349139527118,-0.12028349139527118,nan,nan
R005,CNO,R005_2026_06_21_merged,2.0,frames,population_mode_removed,134,96,324,324,324,324,0.2638064759201814,-0.0005668136681479275,0.012498280149134252,0.005,nan,nan,0.5923234128219851,0.5128771101645091,0.6554141104349994,0.5504707694003952,0.4694353258273475,0.613279531126928,0.3302778753627223,0.26172418174791556,0.3876619257174117,0.639013649785744,0.5684243639920974,0.6898630566371546,0.12910753946115866,0.07075827430678176,0.19415565258698061,0.17843548641807325,0.1246923297945894,0.2512061803976435,0.21181228726555545,0.13464497554707613,0.29280848041988117,0.2639368705858348,0.203557003283579,0.3356571740218451,0.15133122441921446,0.08238737079103685,0.23438378008950303,0.26215725601600365,0.19968717963432503,0.3361043521775188,0.05212458332027935,-0.026694605071600187,0.13677813566274746,nan,nan
R006,VEH,R006_2026_06_20_merged,2.0,frames,population_mode_removed,61,61,324,324,324,324,0.4954148322547511,-0.00288782612168263,0.03079965323620886,0.005,nan,nan,0.6711341441712547,0.6711341441712546,0.6711341441712546,0.7163828022801815,0.7163828022801817,0.7163828022801817,0.6655786444893605,0.6655786444893607,0.6655786444893607,0.3555105432838367,0.35551054328383663,0.35551054328383663,0.486250331464018,0.4862503314640179,0.4862503314640179,0.4322369629920096,0.43223696299200964,0.43223696299200964,0.21992727108266721,0.2199272710826672,0.2199272710826672,0.49541483225475097,0.4954148322547511,0.4954148322547511,0.3004166200308634,0.3004166200308634,0.3004166200308634,0.2900674809912487,0.2900674809912488,0.2900674809912488,0.2754875611720839,0.2754875611720839,0.2754875611720839,nan,nan
R006,CNO,R006_2026_06_22_merged,2.0,frames,population_mode_removed,79,61,324,324,324,324,0.5851961452844056,-0.00014718265372899698,0.033751633681942915,0.005,nan,nan,0.7241467914772963,0.6356621391303652,0.7987506758424242,0.7201531214009003,0.6411606525922061,0.7811826727458716,0.8485561735281664,0.8094098152440603,0.8803861378250081,0.7706695277285064,0.7139197746551396,0.8108677970779444,0.6329481508946698,0.5434734805339164,0.6945773826688796,0.6497740365513381,0.580625848550279,0.7170361281523129,0.6340146251598918,0.5682620384982928,0.7034157283552513,0.5795348176740879,0.5054119257069227,0.6448602028198318,0.6101600960706712,0.5379370259262903,0.680221121281713,0.6540546366325577,0.5713293678323963,0.7206905327586157,-0.05447980748580394,-0.12492167261519561,-0.002462158772757588,nan,nan
