animal,treatment,day_name,phase,factor,bin_start_s,bin_center_day_s,n_frames,n_significant,n_assigned,pct_all_frames,pct_significant_frames
R004,CNO,T1_SD_CNO,OF1,1,0.0,5.0,200,171,1,0.5,0.5847953216374269
R004,CNO,T1_SD_CNO,OF1,1,10.0,15.0,200,170,0,0.0,0.0
R004,CNO,T1_SD_CNO,OF1,1,20.0,25.0,200,164,2,1.0,1.2195121951219512
R004,CNO,T1_SD_CNO,OF1,1,30.0,35.0,200,120,1,0.5,0.8333333333333334
R004,CNO,T1_SD_CNO,OF1,1,40.0,45.0,200,93,0,0.0,0.0
R004,CNO,T1_SD_CNO,OF1,1,50.0,55.0,200,130,1,0.5,0.7692307692307693
R004,CNO,T1_SD_CNO,OF1,1,60.0,65.0,200,139,3,1.5,2.158273381294964
R004,CNO,T1_SD_CNO,OF1,1,70.0,75.0,200,148,0,0.0,0.0
R004,CNO,T1_SD_CNO,OF1,1,80.0,85.0,200,125,5,2.5,4.0
R004,CNO,T1_SD_CNO,OF1,1,90.0,95.0,200,139,3,1.5,2.158273381294964
R004,CNO,T1_SD_CNO,OF1,1,100.0,105.0,200,157,2,1.0,1.2738853503184713
R004,CNO,T1_SD_CNO,OF1,1,110.0,115.0,200,124,0,0.0,0.0
R004,CNO,T1_SD_CNO,OF1,1,120.0,125.0,200,125,0,0.0,0.0
R004,CNO,T1_SD_CNO,OF1,1,130.0,135.0,200,122,1,0.5,0.819672131147541
R004,CNO,T1_SD_CNO,OF1,1,140.0,145.0,200,107,1,0.5,0.9345794392523364
R004,CNO,T1_SD_CNO,OF1,1,150.0,155.0,200,138,4,2.0,2.898550724637681
R004,CNO,T1_SD_CNO,OF1,1,160.0,165.0,200,134,1,0.5,0.746268656716418
R004,CNO,T1_SD_CNO,OF1,1,170.0,175.0,200,128,1,0.5,0.78125
R004,CNO,T1_SD_CNO,OF1,1,180.0,185.0,200,118,0,0.0,0.0
R004,CNO,T1_SD_CNO,OF1,1,190.0,195.0,200,88,1,0.5,1.1363636363636365
R004,CNO,T1_SD_CNO,OF1,1,200.0,205.0,200,141,0,0.0,0.0
R004,CNO,T1_SD_CNO,OF1,1,210.0,215.0,200,138,2,1.0,1.4492753623188406
R004,CNO,T1_SD_CNO,OF1,1,220.0,225.0,200,163,0,0.0,0.0
R004,CNO,T1_SD_CNO,OF1,1,230.0,235.0,200,94,0,0.0,0.0
R004,CNO,T1_SD_CNO,OF1,1,240.0,245.0,200,137,0,0.0,0.0
R004,CNO,T1_SD_CNO,OF1,1,250.0,255.0,200,112,0,0.0,0.0
R004,CNO,T1_SD_CNO,OF1,1,260.0,265.0,200,127,0,0.0,0.0
R004,CNO,T1_SD_CNO,OF1,1,270.0,275.0,200,117,1,0.5,0.8547008547008547
R004,CNO,T1_SD_CNO,OF1,1,280.0,285.0,200,144,1,0.5,0.6944444444444444
R004,CNO,T1_SD_CNO,OF1,1,290.0,295.0,200,122,1,0.5,0.819672131147541
R004,CNO,T1_SD_CNO,OF1,1,300.0,305.0,200,130,12,6.0,9.23076923076923
R004,CNO,T1_SD_CNO,OF1,1,310.0,315.0,200,132,0,0.0,0.0
R004,CNO,T1_SD_CNO,OF1,1,320.0,325.0,200,113,0,0.0,0.0
R004,CNO,T1_SD_CNO,OF1,1,330.0,335.0,200,115,0,0.0,0.0
R004,CNO,T1_SD_CNO,OF1,1,340.0,345.0,200,111,3,1.5,2.7027027027027026
R004,CNO,T1_SD_CNO,OF1,1,350.0,355.0,200,125,5,2.5,4.0
R004,CNO,T1_SD_CNO,OF1,1,360.0,365.0,200,140,1,0.5,0.7142857142857143
R004,CNO,T1_SD_CNO,OF1,1,370.0,375.0,200,125,3,1.5,2.4
R004,CNO,T1_SD_CNO,OF1,1,380.0,385.0,200,123,1,0.5,0.8130081300813008
R004,CNO,T1_SD_CNO,OF1,1,390.0,395.0,200,120,0,0.0,0.0
R004,CNO,T1_SD_CNO,OF1,1,400.0,405.0,200,133,1,0.5,0.7518796992481203
R004,CNO,T1_SD_CNO,OF1,1,410.0,415.0,200,124,1,0.5,0.8064516129032258
R004,CNO,T1_SD_CNO,OF1,1,420.0,425.0,200,129,0,0.0,0.0
R004,CNO,T1_SD_CNO,OF1,1,430.0,435.0,200,137,0,0.0,0.0
R004,CNO,T1_SD_CNO,OF1,1,440.0,445.0,200,104,1,0.5,0.9615384615384616
R004,CNO,T1_SD_CNO,OF1,1,450.0,455.0,200,100,2,1.0,2.0
R004,CNO,T1_SD_CNO,OF1,1,460.0,465.0,200,136,0,0.0,0.0
R004,CNO,T1_SD_CNO,OF1,1,470.0,475.0,200,108,0,0.0,0.0
R004,CNO,T1_SD_CNO,OF1,1,480.0,485.0,200,132,3,1.5,2.272727272727273
R004,CNO,T1_SD_CNO,OF1,1,490.0,495.0,200,115,0,0.0,0.0
R004,CNO,T1_SD_CNO,OF1,1,500.0,505.0,200,123,0,0.0,0.0
R004,CNO,T1_SD_CNO,OF1,1,510.0,515.0,200,161,0,0.0,0.0
R004,CNO,T1_SD_CNO,OF1,1,520.0,525.0,200,122,1,0.5,0.819672131147541
R004,CNO,T1_SD_CNO,OF1,1,530.0,535.0,200,127,0,0.0,0.0
R004,CNO,T1_SD_CNO,OF1,1,540.0,545.0,200,126,0,0.0,0.0
R004,CNO,T1_SD_CNO,OF1,1,550.0,555.0,200,129,0,0.0,0.0
R004,CNO,T1_SD_CNO,OF1,1,560.0,565.0,200,132,0,0.0,0.0
R004,CNO,T1_SD_CNO,OF1,1,570.0,575.0,200,122,1,0.5,0.819672131147541
R004,CNO,T1_SD_CNO,OF1,1,580.0,585.0,200,141,3,1.5,2.127659574468085
R004,CNO,T1_SD_CNO,OF1,1,590.0,595.0,200,110,0,0.0,0.0
R004,CNO,T1_SD_CNO,OF1,1,600.0,605.0,200,126,0,0.0,0.0
R004,CNO,T1_SD_CNO,OF1,1,610.0,615.0,200,118,0,0.0,0.0
R004,CNO,T1_SD_CNO,OF1,1,620.0,625.0,200,109,0,0.0,0.0
R004,CNO,T1_SD_CNO,OF1,1,630.0,635.0,200,104,0,0.0,0.0
R004,CNO,T1_SD_CNO,OF1,1,640.0,645.0,199,131,0,0.0,0.0
R004,CNO,T1_SD_CNO,OF1,2,0.0,5.0,200,171,0,0.0,0.0
R004,CNO,T1_SD_CNO,OF1,2,10.0,15.0,200,170,7,3.5,4.117647058823529
R004,CNO,T1_SD_CNO,OF1,2,20.0,25.0,200,164,0,0.0,0.0
R004,CNO,T1_SD_CNO,OF1,2,30.0,35.0,200,120,1,0.5,0.8333333333333334
R004,CNO,T1_SD_CNO,OF1,2,40.0,45.0,200,93,3,1.5,3.225806451612903
R004,CNO,T1_SD_CNO,OF1,2,50.0,55.0,200,130,0,0.0,0.0
R004,CNO,T1_SD_CNO,OF1,2,60.0,65.0,200,139,0,0.0,0.0
R004,CNO,T1_SD_CNO,OF1,2,70.0,75.0,200,148,0,0.0,0.0
R004,CNO,T1_SD_CNO,OF1,2,80.0,85.0,200,125,0,0.0,0.0
R004,CNO,T1_SD_CNO,OF1,2,90.0,95.0,200,139,5,2.5,3.597122302158273
R004,CNO,T1_SD_CNO,OF1,2,100.0,105.0,200,157,1,0.5,0.6369426751592356
R004,CNO,T1_SD_CNO,OF1,2,110.0,115.0,200,124,0,0.0,0.0
R004,CNO,T1_SD_CNO,OF1,2,120.0,125.0,200,125,0,0.0,0.0
R004,CNO,T1_SD_CNO,OF1,2,130.0,135.0,200,122,0,0.0,0.0
R004,CNO,T1_SD_CNO,OF1,2,140.0,145.0,200,107,2,1.0,1.8691588785046729
R004,CNO,T1_SD_CNO,OF1,2,150.0,155.0,200,138,5,2.5,3.6231884057971016
R004,CNO,T1_SD_CNO,OF1,2,160.0,165.0,200,134,0,0.0,0.0
R004,CNO,T1_SD_CNO,OF1,2,170.0,175.0,200,128,0,0.0,0.0
R004,CNO,T1_SD_CNO,OF1,2,180.0,185.0,200,118,0,0.0,0.0
R004,CNO,T1_SD_CNO,OF1,2,190.0,195.0,200,88,0,0.0,0.0
R004,CNO,T1_SD_CNO,OF1,2,200.0,205.0,200,141,0,0.0,0.0
R004,CNO,T1_SD_CNO,OF1,2,210.0,215.0,200,138,0,0.0,0.0
R004,CNO,T1_SD_CNO,OF1,2,220.0,225.0,200,163,1,0.5,0.6134969325153374
R004,CNO,T1_SD_CNO,OF1,2,230.0,235.0,200,94,0,0.0,0.0
R004,CNO,T1_SD_CNO,OF1,2,240.0,245.0,200,137,4,2.0,2.9197080291970803
R004,CNO,T1_SD_CNO,OF1,2,250.0,255.0,200,112,0,0.0,0.0
R004,CNO,T1_SD_CNO,OF1,2,260.0,265.0,200,127,0,0.0,0.0
R004,CNO,T1_SD_CNO,OF1,2,270.0,275.0,200,117,0,0.0,0.0
R004,CNO,T1_SD_CNO,OF1,2,280.0,285.0,200,144,7,3.5,4.861111111111111
R004,CNO,T1_SD_CNO,OF1,2,290.0,295.0,200,122,0,0.0,0.0
R004,CNO,T1_SD_CNO,OF1,2,300.0,305.0,200,130,5,2.5,3.8461538461538463
R004,CNO,T1_SD_CNO,OF1,2,310.0,315.0,200,132,0,0.0,0.0
R004,CNO,T1_SD_CNO,OF1,2,320.0,325.0,200,113,1,0.5,0.8849557522123894
R004,CNO,T1_SD_CNO,OF1,2,330.0,335.0,200,115,3,1.5,2.608695652173913
R004,CNO,T1_SD_CNO,OF1,2,340.0,345.0,200,111,0,0.0,0.0
R004,CNO,T1_SD_CNO,OF1,2,350.0,355.0,200,125,0,0.0,0.0
R004,CNO,T1_SD_CNO,OF1,2,360.0,365.0,200,140,0,0.0,0.0
R004,CNO,T1_SD_CNO,OF1,2,370.0,375.0,200,125,5,2.5,4.0
R004,CNO,T1_SD_CNO,OF1,2,380.0,385.0,200,123,0,0.0,0.0
R004,CNO,T1_SD_CNO,OF1,2,390.0,395.0,200,120,3,1.5,2.5
R004,CNO,T1_SD_CNO,OF1,2,400.0,405.0,200,133,1,0.5,0.7518796992481203
R004,CNO,T1_SD_CNO,OF1,2,410.0,415.0,200,124,0,0.0,0.0
R004,CNO,T1_SD_CNO,OF1,2,420.0,425.0,200,129,0,0.0,0.0
R004,CNO,T1_SD_CNO,OF1,2,430.0,435.0,200,137,3,1.5,2.18978102189781
R004,CNO,T1_SD_CNO,OF1,2,440.0,445.0,200,104,0,0.0,0.0
R004,CNO,T1_SD_CNO,OF1,2,450.0,455.0,200,100,2,1.0,2.0
R004,CNO,T1_SD_CNO,OF1,2,460.0,465.0,200,136,0,0.0,0.0
R004,CNO,T1_SD_CNO,OF1,2,470.0,475.0,200,108,0,0.0,0.0
R004,CNO,T1_SD_CNO,OF1,2,480.0,485.0,200,132,0,0.0,0.0
R004,CNO,T1_SD_CNO,OF1,2,490.0,495.0,200,115,0,0.0,0.0
R004,CNO,T1_SD_CNO,OF1,2,500.0,505.0,200,123,3,1.5,2.4390243902439024
R004,CNO,T1_SD_CNO,OF1,2,510.0,515.0,200,161,2,1.0,1.2422360248447204
R004,CNO,T1_SD_CNO,OF1,2,520.0,525.0,200,122,1,0.5,0.819672131147541
R004,CNO,T1_SD_CNO,OF1,2,530.0,535.0,200,127,0,0.0,0.0
R004,CNO,T1_SD_CNO,OF1,2,540.0,545.0,200,126,0,0.0,0.0
R004,CNO,T1_SD_CNO,OF1,2,550.0,555.0,200,129,0,0.0,0.0
R004,CNO,T1_SD_CNO,OF1,2,560.0,565.0,200,132,0,0.0,0.0
R004,CNO,T1_SD_CNO,OF1,2,570.0,575.0,200,122,0,0.0,0.0
R004,CNO,T1_SD_CNO,OF1,2,580.0,585.0,200,141,0,0.0,0.0
R004,CNO,T1_SD_CNO,OF1,2,590.0,595.0,200,110,0,0.0,0.0
R004,CNO,T1_SD_CNO,OF1,2,600.0,605.0,200,126,0,0.0,0.0
R004,CNO,T1_SD_CNO,OF1,2,610.0,615.0,200,118,1,0.5,0.847457627118644
R004,CNO,T1_SD_CNO,OF1,2,620.0,625.0,200,109,0,0.0,0.0
R004,CNO,T1_SD_CNO,OF1,2,630.0,635.0,200,104,0,0.0,0.0
R004,CNO,T1_SD_CNO,OF1,2,640.0,645.0,199,131,3,1.5075376884422111,2.2900763358778624
R004,CNO,T1_SD_CNO,OF1,3,0.0,5.0,200,171,0,0.0,0.0
R004,CNO,T1_SD_CNO,OF1,3,10.0,15.0,200,170,1,0.5,0.5882352941176471
R004,CNO,T1_SD_CNO,OF1,3,20.0,25.0,200,164,2,1.0,1.2195121951219512
R004,CNO,T1_SD_CNO,OF1,3,30.0,35.0,200,120,1,0.5,0.8333333333333334
R004,CNO,T1_SD_CNO,OF1,3,40.0,45.0,200,93,6,3.0,6.451612903225806
R004,CNO,T1_SD_CNO,OF1,3,50.0,55.0,200,130,1,0.5,0.7692307692307693
R004,CNO,T1_SD_CNO,OF1,3,60.0,65.0,200,139,3,1.5,2.158273381294964
R004,CNO,T1_SD_CNO,OF1,3,70.0,75.0,200,148,2,1.0,1.3513513513513513
R004,CNO,T1_SD_CNO,OF1,3,80.0,85.0,200,125,5,2.5,4.0
R004,CNO,T1_SD_CNO,OF1,3,90.0,95.0,200,139,7,3.5,5.0359712230215825
R004,CNO,T1_SD_CNO,OF1,3,100.0,105.0,200,157,0,0.0,0.0
R004,CNO,T1_SD_CNO,OF1,3,110.0,115.0,200,124,3,1.5,2.4193548387096775
R004,CNO,T1_SD_CNO,OF1,3,120.0,125.0,200,125,2,1.0,1.6
R004,CNO,T1_SD_CNO,OF1,3,130.0,135.0,200,122,0,0.0,0.0
R004,CNO,T1_SD_CNO,OF1,3,140.0,145.0,200,107,5,2.5,4.672897196261682
R004,CNO,T1_SD_CNO,OF1,3,150.0,155.0,200,138,1,0.5,0.7246376811594203
R004,CNO,T1_SD_CNO,OF1,3,160.0,165.0,200,134,1,0.5,0.746268656716418
R004,CNO,T1_SD_CNO,OF1,3,170.0,175.0,200,128,2,1.0,1.5625
R004,CNO,T1_SD_CNO,OF1,3,180.0,185.0,200,118,1,0.5,0.847457627118644
R004,CNO,T1_SD_CNO,OF1,3,190.0,195.0,200,88,2,1.0,2.272727272727273
R004,CNO,T1_SD_CNO,OF1,3,200.0,205.0,200,141,0,0.0,0.0
R004,CNO,T1_SD_CNO,OF1,3,210.0,215.0,200,138,2,1.0,1.4492753623188406
R004,CNO,T1_SD_CNO,OF1,3,220.0,225.0,200,163,0,0.0,0.0
R004,CNO,T1_SD_CNO,OF1,3,230.0,235.0,200,94,1,0.5,1.0638297872340425
R004,CNO,T1_SD_CNO,OF1,3,240.0,245.0,200,137,0,0.0,0.0
R004,CNO,T1_SD_CNO,OF1,3,250.0,255.0,200,112,0,0.0,0.0
R004,CNO,T1_SD_CNO,OF1,3,260.0,265.0,200,127,0,0.0,0.0
R004,CNO,T1_SD_CNO,OF1,3,270.0,275.0,200,117,2,1.0,1.7094017094017093
R004,CNO,T1_SD_CNO,OF1,3,280.0,285.0,200,144,0,0.0,0.0
R004,CNO,T1_SD_CNO,OF1,3,290.0,295.0,200,122,8,4.0,6.557377049180328
R004,CNO,T1_SD_CNO,OF1,3,300.0,305.0,200,130,0,0.0,0.0
R004,CNO,T1_SD_CNO,OF1,3,310.0,315.0,200,132,0,0.0,0.0
R004,CNO,T1_SD_CNO,OF1,3,320.0,325.0,200,113,3,1.5,2.6548672566371683
R004,CNO,T1_SD_CNO,OF1,3,330.0,335.0,200,115,3,1.5,2.608695652173913
R004,CNO,T1_SD_CNO,OF1,3,340.0,345.0,200,111,2,1.0,1.8018018018018018
R004,CNO,T1_SD_CNO,OF1,3,350.0,355.0,200,125,0,0.0,0.0
R004,CNO,T1_SD_CNO,OF1,3,360.0,365.0,200,140,2,1.0,1.4285714285714286
R004,CNO,T1_SD_CNO,OF1,3,370.0,375.0,200,125,4,2.0,3.2
R004,CNO,T1_SD_CNO,OF1,3,380.0,385.0,200,123,1,0.5,0.8130081300813008
R004,CNO,T1_SD_CNO,OF1,3,390.0,395.0,200,120,1,0.5,0.8333333333333334
R004,CNO,T1_SD_CNO,OF1,3,400.0,405.0,200,133,1,0.5,0.7518796992481203
R004,CNO,T1_SD_CNO,OF1,3,410.0,415.0,200,124,0,0.0,0.0
R004,CNO,T1_SD_CNO,OF1,3,420.0,425.0,200,129,0,0.0,0.0
R004,CNO,T1_SD_CNO,OF1,3,430.0,435.0,200,137,0,0.0,0.0
R004,CNO,T1_SD_CNO,OF1,3,440.0,445.0,200,104,0,0.0,0.0
R004,CNO,T1_SD_CNO,OF1,3,450.0,455.0,200,100,3,1.5,3.0
R004,CNO,T1_SD_CNO,OF1,3,460.0,465.0,200,136,0,0.0,0.0
R004,CNO,T1_SD_CNO,OF1,3,470.0,475.0,200,108,2,1.0,1.8518518518518519
R004,CNO,T1_SD_CNO,OF1,3,480.0,485.0,200,132,0,0.0,0.0
R004,CNO,T1_SD_CNO,OF1,3,490.0,495.0,200,115,0,0.0,0.0
R004,CNO,T1_SD_CNO,OF1,3,500.0,505.0,200,123,0,0.0,0.0
R004,CNO,T1_SD_CNO,OF1,3,510.0,515.0,200,161,0,0.0,0.0
R004,CNO,T1_SD_CNO,OF1,3,520.0,525.0,200,122,1,0.5,0.819672131147541
R004,CNO,T1_SD_CNO,OF1,3,530.0,535.0,200,127,0,0.0,0.0
R004,CNO,T1_SD_CNO,OF1,3,540.0,545.0,200,126,2,1.0,1.5873015873015872
R004,CNO,T1_SD_CNO,OF1,3,550.0,555.0,200,129,0,0.0,0.0
R004,CNO,T1_SD_CNO,OF1,3,560.0,565.0,200,132,0,0.0,0.0
R004,CNO,T1_SD_CNO,OF1,3,570.0,575.0,200,122,3,1.5,2.459016393442623
R004,CNO,T1_SD_CNO,OF1,3,580.0,585.0,200,141,4,2.0,2.8368794326241136
R004,CNO,T1_SD_CNO,OF1,3,590.0,595.0,200,110,1,0.5,0.9090909090909091
R004,CNO,T1_SD_CNO,OF1,3,600.0,605.0,200,126,0,0.0,0.0
R004,CNO,T1_SD_CNO,OF1,3,610.0,615.0,200,118,0,0.0,0.0
R004,CNO,T1_SD_CNO,OF1,3,620.0,625.0,200,109,0,0.0,0.0
R004,CNO,T1_SD_CNO,OF1,3,630.0,635.0,200,104,2,1.0,1.9230769230769231
R004,CNO,T1_SD_CNO,OF1,3,640.0,645.0,199,131,0,0.0,0.0
R004,CNO,T1_SD_CNO,OF1,4,0.0,5.0,200,171,0,0.0,0.0
R004,CNO,T1_SD_CNO,OF1,4,10.0,15.0,200,170,0,0.0,0.0
R004,CNO,T1_SD_CNO,OF1,4,20.0,25.0,200,164,0,0.0,0.0
R004,CNO,T1_SD_CNO,OF1,4,30.0,35.0,200,120,1,0.5,0.8333333333333334
R004,CNO,T1_SD_CNO,OF1,4,40.0,45.0,200,93,0,0.0,0.0
R004,CNO,T1_SD_CNO,OF1,4,50.0,55.0,200,130,0,0.0,0.0
R004,CNO,T1_SD_CNO,OF1,4,60.0,65.0,200,139,0,0.0,0.0
R004,CNO,T1_SD_CNO,OF1,4,70.0,75.0,200,148,1,0.5,0.6756756756756757
R004,CNO,T1_SD_CNO,OF1,4,80.0,85.0,200,125,0,0.0,0.0
R004,CNO,T1_SD_CNO,OF1,4,90.0,95.0,200,139,0,0.0,0.0
R004,CNO,T1_SD_CNO,OF1,4,100.0,105.0,200,157,0,0.0,0.0
R004,CNO,T1_SD_CNO,OF1,4,110.0,115.0,200,124,2,1.0,1.6129032258064515
R004,CNO,T1_SD_CNO,OF1,4,120.0,125.0,200,125,0,0.0,0.0
R004,CNO,T1_SD_CNO,OF1,4,130.0,135.0,200,122,2,1.0,1.639344262295082
R004,CNO,T1_SD_CNO,OF1,4,140.0,145.0,200,107,0,0.0,0.0
R004,CNO,T1_SD_CNO,OF1,4,150.0,155.0,200,138,0,0.0,0.0
R004,CNO,T1_SD_CNO,OF1,4,160.0,165.0,200,134,0,0.0,0.0
R004,CNO,T1_SD_CNO,OF1,4,170.0,175.0,200,128,0,0.0,0.0
R004,CNO,T1_SD_CNO,OF1,4,180.0,185.0,200,118,0,0.0,0.0
R004,CNO,T1_SD_CNO,OF1,4,190.0,195.0,200,88,4,2.0,4.545454545454546
R004,CNO,T1_SD_CNO,OF1,4,200.0,205.0,200,141,7,3.5,4.964539007092198
R004,CNO,T1_SD_CNO,OF1,4,210.0,215.0,200,138,0,0.0,0.0
R004,CNO,T1_SD_CNO,OF1,4,220.0,225.0,200,163,0,0.0,0.0
R004,CNO,T1_SD_CNO,OF1,4,230.0,235.0,200,94,0,0.0,0.0
R004,CNO,T1_SD_CNO,OF1,4,240.0,245.0,200,137,0,0.0,0.0
R004,CNO,T1_SD_CNO,OF1,4,250.0,255.0,200,112,0,0.0,0.0
R004,CNO,T1_SD_CNO,OF1,4,260.0,265.0,200,127,0,0.0,0.0
R004,CNO,T1_SD_CNO,OF1,4,270.0,275.0,200,117,0,0.0,0.0
R004,CNO,T1_SD_CNO,OF1,4,280.0,285.0,200,144,3,1.5,2.0833333333333335
R004,CNO,T1_SD_CNO,OF1,4,290.0,295.0,200,122,5,2.5,4.098360655737705
R004,CNO,T1_SD_CNO,OF1,4,300.0,305.0,200,130,0,0.0,0.0
R004,CNO,T1_SD_CNO,OF1,4,310.0,315.0,200,132,1,0.5,0.7575757575757576
R004,CNO,T1_SD_CNO,OF1,4,320.0,325.0,200,113,0,0.0,0.0
R004,CNO,T1_SD_CNO,OF1,4,330.0,335.0,200,115,0,0.0,0.0
R004,CNO,T1_SD_CNO,OF1,4,340.0,345.0,200,111,4,2.0,3.6036036036036037
R004,CNO,T1_SD_CNO,OF1,4,350.0,355.0,200,125,0,0.0,0.0
R004,CNO,T1_SD_CNO,OF1,4,360.0,365.0,200,140,0,0.0,0.0
R004,CNO,T1_SD_CNO,OF1,4,370.0,375.0,200,125,1,0.5,0.8
R004,CNO,T1_SD_CNO,OF1,4,380.0,385.0,200,123,0,0.0,0.0
R004,CNO,T1_SD_CNO,OF1,4,390.0,395.0,200,120,4,2.0,3.3333333333333335
R004,CNO,T1_SD_CNO,OF1,4,400.0,405.0,200,133,3,1.5,2.255639097744361
R004,CNO,T1_SD_CNO,OF1,4,410.0,415.0,200,124,0,0.0,0.0
R004,CNO,T1_SD_CNO,OF1,4,420.0,425.0,200,129,2,1.0,1.550387596899225
R004,CNO,T1_SD_CNO,OF1,4,430.0,435.0,200,137,1,0.5,0.7299270072992701
R004,CNO,T1_SD_CNO,OF1,4,440.0,445.0,200,104,4,2.0,3.8461538461538463
R004,CNO,T1_SD_CNO,OF1,4,450.0,455.0,200,100,1,0.5,1.0
R004,CNO,T1_SD_CNO,OF1,4,460.0,465.0,200,136,0,0.0,0.0
R004,CNO,T1_SD_CNO,OF1,4,470.0,475.0,200,108,0,0.0,0.0
R004,CNO,T1_SD_CNO,OF1,4,480.0,485.0,200,132,2,1.0,1.5151515151515151
R004,CNO,T1_SD_CNO,OF1,4,490.0,495.0,200,115,2,1.0,1.7391304347826086
R004,CNO,T1_SD_CNO,OF1,4,500.0,505.0,200,123,0,0.0,0.0
R004,CNO,T1_SD_CNO,OF1,4,510.0,515.0,200,161,1,0.5,0.6211180124223602
R004,CNO,T1_SD_CNO,OF1,4,520.0,525.0,200,122,0,0.0,0.0
R004,CNO,T1_SD_CNO,OF1,4,530.0,535.0,200,127,4,2.0,3.1496062992125986
R004,CNO,T1_SD_CNO,OF1,4,540.0,545.0,200,126,5,2.5,3.9682539682539684
R004,CNO,T1_SD_CNO,OF1,4,550.0,555.0,200,129,0,0.0,0.0
R004,CNO,T1_SD_CNO,OF1,4,560.0,565.0,200,132,1,0.5,0.7575757575757576
R004,CNO,T1_SD_CNO,OF1,4,570.0,575.0,200,122,0,0.0,0.0
R004,CNO,T1_SD_CNO,OF1,4,580.0,585.0,200,141,0,0.0,0.0
R004,CNO,T1_SD_CNO,OF1,4,590.0,595.0,200,110,4,2.0,3.6363636363636362
R004,CNO,T1_SD_CNO,OF1,4,600.0,605.0,200,126,0,0.0,0.0
R004,CNO,T1_SD_CNO,OF1,4,610.0,615.0,200,118,0,0.0,0.0
R004,CNO,T1_SD_CNO,OF1,4,620.0,625.0,200,109,0,0.0,0.0
R004,CNO,T1_SD_CNO,OF1,4,630.0,635.0,200,104,0,0.0,0.0
R004,CNO,T1_SD_CNO,OF1,4,640.0,645.0,199,131,1,0.5025125628140703,0.7633587786259542
R004,CNO,T1_SD_CNO,OF1,5,0.0,5.0,200,171,0,0.0,0.0
R004,CNO,T1_SD_CNO,OF1,5,10.0,15.0,200,170,0,0.0,0.0
R004,CNO,T1_SD_CNO,OF1,5,20.0,25.0,200,164,0,0.0,0.0
R004,CNO,T1_SD_CNO,OF1,5,30.0,35.0,200,120,0,0.0,0.0
R004,CNO,T1_SD_CNO,OF1,5,40.0,45.0,200,93,0,0.0,0.0
R004,CNO,T1_SD_CNO,OF1,5,50.0,55.0,200,130,2,1.0,1.5384615384615385
R004,CNO,T1_SD_CNO,OF1,5,60.0,65.0,200,139,0,0.0,0.0
R004,CNO,T1_SD_CNO,OF1,5,70.0,75.0,200,148,0,0.0,0.0
R004,CNO,T1_SD_CNO,OF1,5,80.0,85.0,200,125,2,1.0,1.6
R004,CNO,T1_SD_CNO,OF1,5,90.0,95.0,200,139,0,0.0,0.0
R004,CNO,T1_SD_CNO,OF1,5,100.0,105.0,200,157,0,0.0,0.0
R004,CNO,T1_SD_CNO,OF1,5,110.0,115.0,200,124,5,2.5,4.032258064516129
R004,CNO,T1_SD_CNO,OF1,5,120.0,125.0,200,125,4,2.0,3.2
R004,CNO,T1_SD_CNO,OF1,5,130.0,135.0,200,122,6,3.0,4.918032786885246
R004,CNO,T1_SD_CNO,OF1,5,140.0,145.0,200,107,0,0.0,0.0
R004,CNO,T1_SD_CNO,OF1,5,150.0,155.0,200,138,1,0.5,0.7246376811594203
R004,CNO,T1_SD_CNO,OF1,5,160.0,165.0,200,134,0,0.0,0.0
R004,CNO,T1_SD_CNO,OF1,5,170.0,175.0,200,128,0,0.0,0.0
R004,CNO,T1_SD_CNO,OF1,5,180.0,185.0,200,118,1,0.5,0.847457627118644
R004,CNO,T1_SD_CNO,OF1,5,190.0,195.0,200,88,7,3.5,7.954545454545454
R004,CNO,T1_SD_CNO,OF1,5,200.0,205.0,200,141,6,3.0,4.25531914893617
R004,CNO,T1_SD_CNO,OF1,5,210.0,215.0,200,138,1,0.5,0.7246376811594203
R004,CNO,T1_SD_CNO,OF1,5,220.0,225.0,200,163,4,2.0,2.4539877300613497
R004,CNO,T1_SD_CNO,OF1,5,230.0,235.0,200,94,3,1.5,3.1914893617021276
R004,CNO,T1_SD_CNO,OF1,5,240.0,245.0,200,137,10,5.0,7.299270072992701
R004,CNO,T1_SD_CNO,OF1,5,250.0,255.0,200,112,7,3.5,6.25
R004,CNO,T1_SD_CNO,OF1,5,260.0,265.0,200,127,1,0.5,0.7874015748031497
R004,CNO,T1_SD_CNO,OF1,5,270.0,275.0,200,117,0,0.0,0.0
R004,CNO,T1_SD_CNO,OF1,5,280.0,285.0,200,144,1,0.5,0.6944444444444444
R004,CNO,T1_SD_CNO,OF1,5,290.0,295.0,200,122,5,2.5,4.098360655737705
R004,CNO,T1_SD_CNO,OF1,5,300.0,305.0,200,130,0,0.0,0.0
R004,CNO,T1_SD_CNO,OF1,5,310.0,315.0,200,132,1,0.5,0.7575757575757576
R004,CNO,T1_SD_CNO,OF1,5,320.0,325.0,200,113,2,1.0,1.7699115044247788
R004,CNO,T1_SD_CNO,OF1,5,330.0,335.0,200,115,2,1.0,1.7391304347826086
R004,CNO,T1_SD_CNO,OF1,5,340.0,345.0,200,111,4,2.0,3.6036036036036037
R004,CNO,T1_SD_CNO,OF1,5,350.0,355.0,200,125,0,0.0,0.0
R004,CNO,T1_SD_CNO,OF1,5,360.0,365.0,200,140,6,3.0,4.285714285714286
R004,CNO,T1_SD_CNO,OF1,5,370.0,375.0,200,125,3,1.5,2.4
R004,CNO,T1_SD_CNO,OF1,5,380.0,385.0,200,123,0,0.0,0.0
R004,CNO,T1_SD_CNO,OF1,5,390.0,395.0,200,120,4,2.0,3.3333333333333335
R004,CNO,T1_SD_CNO,OF1,5,400.0,405.0,200,133,1,0.5,0.7518796992481203
R004,CNO,T1_SD_CNO,OF1,5,410.0,415.0,200,124,0,0.0,0.0
R004,CNO,T1_SD_CNO,OF1,5,420.0,425.0,200,129,1,0.5,0.7751937984496124
R004,CNO,T1_SD_CNO,OF1,5,430.0,435.0,200,137,0,0.0,0.0
R004,CNO,T1_SD_CNO,OF1,5,440.0,445.0,200,104,6,3.0,5.769230769230769
R004,CNO,T1_SD_CNO,OF1,5,450.0,455.0,200,100,2,1.0,2.0
R004,CNO,T1_SD_CNO,OF1,5,460.0,465.0,200,136,0,0.0,0.0
R004,CNO,T1_SD_CNO,OF1,5,470.0,475.0,200,108,4,2.0,3.7037037037037037
R004,CNO,T1_SD_CNO,OF1,5,480.0,485.0,200,132,6,3.0,4.545454545454546
R004,CNO,T1_SD_CNO,OF1,5,490.0,495.0,200,115,4,2.0,3.4782608695652173
R004,CNO,T1_SD_CNO,OF1,5,500.0,505.0,200,123,0,0.0,0.0
R004,CNO,T1_SD_CNO,OF1,5,510.0,515.0,200,161,3,1.5,1.8633540372670807
R004,CNO,T1_SD_CNO,OF1,5,520.0,525.0,200,122,0,0.0,0.0
R004,CNO,T1_SD_CNO,OF1,5,530.0,535.0,200,127,0,0.0,0.0
R004,CNO,T1_SD_CNO,OF1,5,540.0,545.0,200,126,1,0.5,0.7936507936507936
R004,CNO,T1_SD_CNO,OF1,5,550.0,555.0,200,129,4,2.0,3.10077519379845
R004,CNO,T1_SD_CNO,OF1,5,560.0,565.0,200,132,4,2.0,3.0303030303030303
R004,CNO,T1_SD_CNO,OF1,5,570.0,575.0,200,122,3,1.5,2.459016393442623
R004,CNO,T1_SD_CNO,OF1,5,580.0,585.0,200,141,3,1.5,2.127659574468085
R004,CNO,T1_SD_CNO,OF1,5,590.0,595.0,200,110,4,2.0,3.6363636363636362
R004,CNO,T1_SD_CNO,OF1,5,600.0,605.0,200,126,6,3.0,4.761904761904762
R004,CNO,T1_SD_CNO,OF1,5,610.0,615.0,200,118,1,0.5,0.847457627118644
R004,CNO,T1_SD_CNO,OF1,5,620.0,625.0,200,109,0,0.0,0.0
R004,CNO,T1_SD_CNO,OF1,5,630.0,635.0,200,104,4,2.0,3.8461538461538463
R004,CNO,T1_SD_CNO,OF1,5,640.0,645.0,199,131,0,0.0,0.0
R004,CNO,T1_SD_CNO,OF1,6,0.0,5.0,200,171,0,0.0,0.0
R004,CNO,T1_SD_CNO,OF1,6,10.0,15.0,200,170,0,0.0,0.0
R004,CNO,T1_SD_CNO,OF1,6,20.0,25.0,200,164,0,0.0,0.0
R004,CNO,T1_SD_CNO,OF1,6,30.0,35.0,200,120,0,0.0,0.0
R004,CNO,T1_SD_CNO,OF1,6,40.0,45.0,200,93,0,0.0,0.0
R004,CNO,T1_SD_CNO,OF1,6,50.0,55.0,200,130,0,0.0,0.0
R004,CNO,T1_SD_CNO,OF1,6,60.0,65.0,200,139,0,0.0,0.0
R004,CNO,T1_SD_CNO,OF1,6,70.0,75.0,200,148,1,0.5,0.6756756756756757
R004,CNO,T1_SD_CNO,OF1,6,80.0,85.0,200,125,1,0.5,0.8
R004,CNO,T1_SD_CNO,OF1,6,90.0,95.0,200,139,0,0.0,0.0
R004,CNO,T1_SD_CNO,OF1,6,100.0,105.0,200,157,0,0.0,0.0
R004,CNO,T1_SD_CNO,OF1,6,110.0,115.0,200,124,0,0.0,0.0
R004,CNO,T1_SD_CNO,OF1,6,120.0,125.0,200,125,0,0.0,0.0
R004,CNO,T1_SD_CNO,OF1,6,130.0,135.0,200,122,0,0.0,0.0
R004,CNO,T1_SD_CNO,OF1,6,140.0,145.0,200,107,0,0.0,0.0
R004,CNO,T1_SD_CNO,OF1,6,150.0,155.0,200,138,2,1.0,1.4492753623188406
R004,CNO,T1_SD_CNO,OF1,6,160.0,165.0,200,134,0,0.0,0.0
R004,CNO,T1_SD_CNO,OF1,6,170.0,175.0,200,128,5,2.5,3.90625
R004,CNO,T1_SD_CNO,OF1,6,180.0,185.0,200,118,0,0.0,0.0
R004,CNO,T1_SD_CNO,OF1,6,190.0,195.0,200,88,0,0.0,0.0
R004,CNO,T1_SD_CNO,OF1,6,200.0,205.0,200,141,0,0.0,0.0
R004,CNO,T1_SD_CNO,OF1,6,210.0,215.0,200,138,0,0.0,0.0
R004,CNO,T1_SD_CNO,OF1,6,220.0,225.0,200,163,0,0.0,0.0
R004,CNO,T1_SD_CNO,OF1,6,230.0,235.0,200,94,0,0.0,0.0
R004,CNO,T1_SD_CNO,OF1,6,240.0,245.0,200,137,0,0.0,0.0
R004,CNO,T1_SD_CNO,OF1,6,250.0,255.0,200,112,0,0.0,0.0
R004,CNO,T1_SD_CNO,OF1,6,260.0,265.0,200,127,0,0.0,0.0
R004,CNO,T1_SD_CNO,OF1,6,270.0,275.0,200,117,0,0.0,0.0
R004,CNO,T1_SD_CNO,OF1,6,280.0,285.0,200,144,0,0.0,0.0
R004,CNO,T1_SD_CNO,OF1,6,290.0,295.0,200,122,0,0.0,0.0
R004,CNO,T1_SD_CNO,OF1,6,300.0,305.0,200,130,2,1.0,1.5384615384615385
R004,CNO,T1_SD_CNO,OF1,6,310.0,315.0,200,132,0,0.0,0.0
R004,CNO,T1_SD_CNO,OF1,6,320.0,325.0,200,113,0,0.0,0.0
R004,CNO,T1_SD_CNO,OF1,6,330.0,335.0,200,115,0,0.0,0.0
R004,CNO,T1_SD_CNO,OF1,6,340.0,345.0,200,111,0,0.0,0.0
R004,CNO,T1_SD_CNO,OF1,6,350.0,355.0,200,125,0,0.0,0.0
R004,CNO,T1_SD_CNO,OF1,6,360.0,365.0,200,140,5,2.5,3.5714285714285716
R004,CNO,T1_SD_CNO,OF1,6,370.0,375.0,200,125,1,0.5,0.8
R004,CNO,T1_SD_CNO,OF1,6,380.0,385.0,200,123,0,0.0,0.0
R004,CNO,T1_SD_CNO,OF1,6,390.0,395.0,200,120,2,1.0,1.6666666666666667
R004,CNO,T1_SD_CNO,OF1,6,400.0,405.0,200,133,0,0.0,0.0
R004,CNO,T1_SD_CNO,OF1,6,410.0,415.0,200,124,0,0.0,0.0
R004,CNO,T1_SD_CNO,OF1,6,420.0,425.0,200,129,0,0.0,0.0
R004,CNO,T1_SD_CNO,OF1,6,430.0,435.0,200,137,1,0.5,0.7299270072992701
R004,CNO,T1_SD_CNO,OF1,6,440.0,445.0,200,104,5,2.5,4.8076923076923075
R004,CNO,T1_SD_CNO,OF1,6,450.0,455.0,200,100,0,0.0,0.0
R004,CNO,T1_SD_CNO,OF1,6,460.0,465.0,200,136,1,0.5,0.7352941176470589
R004,CNO,T1_SD_CNO,OF1,6,470.0,475.0,200,108,0,0.0,0.0
R004,CNO,T1_SD_CNO,OF1,6,480.0,485.0,200,132,2,1.0,1.5151515151515151
R004,CNO,T1_SD_CNO,OF1,6,490.0,495.0,200,115,0,0.0,0.0
R004,CNO,T1_SD_CNO,OF1,6,500.0,505.0,200,123,2,1.0,1.6260162601626016
R004,CNO,T1_SD_CNO,OF1,6,510.0,515.0,200,161,3,1.5,1.8633540372670807
R004,CNO,T1_SD_CNO,OF1,6,520.0,525.0,200,122,0,0.0,0.0
R004,CNO,T1_SD_CNO,OF1,6,530.0,535.0,200,127,2,1.0,1.5748031496062993
R004,CNO,T1_SD_CNO,OF1,6,540.0,545.0,200,126,4,2.0,3.1746031746031744
R004,CNO,T1_SD_CNO,OF1,6,550.0,555.0,200,129,0,0.0,0.0
R004,CNO,T1_SD_CNO,OF1,6,560.0,565.0,200,132,3,1.5,2.272727272727273
R004,CNO,T1_SD_CNO,OF1,6,570.0,575.0,200,122,4,2.0,3.278688524590164
R004,CNO,T1_SD_CNO,OF1,6,580.0,585.0,200,141,2,1.0,1.4184397163120568
R004,CNO,T1_SD_CNO,OF1,6,590.0,595.0,200,110,0,0.0,0.0
R004,CNO,T1_SD_CNO,OF1,6,600.0,605.0,200,126,3,1.5,2.380952380952381
R004,CNO,T1_SD_CNO,OF1,6,610.0,615.0,200,118,0,0.0,0.0
R004,CNO,T1_SD_CNO,OF1,6,620.0,625.0,200,109,0,0.0,0.0
R004,CNO,T1_SD_CNO,OF1,6,630.0,635.0,200,104,0,0.0,0.0
R004,CNO,T1_SD_CNO,OF1,6,640.0,645.0,199,131,0,0.0,0.0
R004,CNO,T1_SD_CNO,SAMPLE,1,0.0,654.95,200,146,1,0.5,0.684931506849315
R004,CNO,T1_SD_CNO,SAMPLE,1,10.0,664.95,200,151,2,1.0,1.3245033112582782
R004,CNO,T1_SD_CNO,SAMPLE,1,20.0,674.95,200,189,0,0.0,0.0
R004,CNO,T1_SD_CNO,SAMPLE,1,30.0,684.95,200,132,0,0.0,0.0
R004,CNO,T1_SD_CNO,SAMPLE,1,40.0,694.95,200,157,1,0.5,0.6369426751592356
R004,CNO,T1_SD_CNO,SAMPLE,1,50.0,704.95,200,151,0,0.0,0.0
R004,CNO,T1_SD_CNO,SAMPLE,1,60.0,714.95,200,148,1,0.5,0.6756756756756757
R004,CNO,T1_SD_CNO,SAMPLE,1,70.0,724.95,200,124,0,0.0,0.0
R004,CNO,T1_SD_CNO,SAMPLE,1,80.0,734.95,200,129,1,0.5,0.7751937984496124
R004,CNO,T1_SD_CNO,SAMPLE,1,90.0,744.95,200,166,1,0.5,0.6024096385542169
R004,CNO,T1_SD_CNO,SAMPLE,1,100.0,754.95,200,150,1,0.5,0.6666666666666666
R004,CNO,T1_SD_CNO,SAMPLE,1,110.0,764.95,200,146,0,0.0,0.0
R004,CNO,T1_SD_CNO,SAMPLE,1,120.0,774.95,200,135,1,0.5,0.7407407407407407
R004,CNO,T1_SD_CNO,SAMPLE,1,130.0,784.95,200,116,0,0.0,0.0
R004,CNO,T1_SD_CNO,SAMPLE,1,140.0,794.95,200,122,1,0.5,0.819672131147541
R004,CNO,T1_SD_CNO,SAMPLE,1,150.0,804.95,200,144,0,0.0,0.0
R004,CNO,T1_SD_CNO,SAMPLE,1,160.0,814.95,200,90,1,0.5,1.1111111111111112
R004,CNO,T1_SD_CNO,SAMPLE,1,170.0,824.95,200,121,1,0.5,0.8264462809917356
R004,CNO,T1_SD_CNO,SAMPLE,1,180.0,834.95,200,117,0,0.0,0.0
R004,CNO,T1_SD_CNO,SAMPLE,1,190.0,844.95,200,138,0,0.0,0.0
R004,CNO,T1_SD_CNO,SAMPLE,1,200.0,854.95,200,143,0,0.0,0.0
R004,CNO,T1_SD_CNO,SAMPLE,1,210.0,864.95,200,165,3,1.5,1.8181818181818181
R004,CNO,T1_SD_CNO,SAMPLE,1,220.0,874.95,200,118,0,0.0,0.0
R004,CNO,T1_SD_CNO,SAMPLE,1,230.0,884.95,200,104,0,0.0,0.0
R004,CNO,T1_SD_CNO,SAMPLE,1,240.0,894.95,200,120,10,5.0,8.333333333333334
R004,CNO,T1_SD_CNO,SAMPLE,1,250.0,904.95,200,117,2,1.0,1.7094017094017093
R004,CNO,T1_SD_CNO,SAMPLE,1,260.0,914.95,200,149,4,2.0,2.684563758389262
R004,CNO,T1_SD_CNO,SAMPLE,1,270.0,924.95,200,131,0,0.0,0.0
R004,CNO,T1_SD_CNO,SAMPLE,1,280.0,934.95,200,106,3,1.5,2.830188679245283
R004,CNO,T1_SD_CNO,SAMPLE,1,290.0,944.95,200,86,1,0.5,1.1627906976744187
R004,CNO,T1_SD_CNO,SAMPLE,1,300.0,954.95,200,146,0,0.0,0.0
R004,CNO,T1_SD_CNO,SAMPLE,1,310.0,964.95,200,115,0,0.0,0.0
R004,CNO,T1_SD_CNO,SAMPLE,1,320.0,974.95,200,142,0,0.0,0.0
R004,CNO,T1_SD_CNO,SAMPLE,1,330.0,984.95,200,125,2,1.0,1.6
R004,CNO,T1_SD_CNO,SAMPLE,1,340.0,994.95,200,108,6,3.0,5.555555555555555
R004,CNO,T1_SD_CNO,SAMPLE,1,350.0,1004.95,200,113,0,0.0,0.0
R004,CNO,T1_SD_CNO,SAMPLE,1,360.0,1014.95,200,119,0,0.0,0.0
R004,CNO,T1_SD_CNO,SAMPLE,1,370.0,1024.95,200,132,0,0.0,0.0
R004,CNO,T1_SD_CNO,SAMPLE,1,380.0,1034.95,200,120,1,0.5,0.8333333333333334
R004,CNO,T1_SD_CNO,SAMPLE,1,390.0,1044.95,200,67,0,0.0,0.0
R004,CNO,T1_SD_CNO,SAMPLE,1,400.0,1054.95,200,156,2,1.0,1.2820512820512822
R004,CNO,T1_SD_CNO,SAMPLE,1,410.0,1064.95,200,116,6,3.0,5.172413793103448
R004,CNO,T1_SD_CNO,SAMPLE,1,420.0,1074.95,200,107,0,0.0,0.0
R004,CNO,T1_SD_CNO,SAMPLE,1,430.0,1084.95,200,115,2,1.0,1.7391304347826086
R004,CNO,T1_SD_CNO,SAMPLE,1,440.0,1094.95,200,138,0,0.0,0.0
R004,CNO,T1_SD_CNO,SAMPLE,1,450.0,1104.95,200,132,1,0.5,0.7575757575757576
R004,CNO,T1_SD_CNO,SAMPLE,1,460.0,1114.95,200,118,0,0.0,0.0
R004,CNO,T1_SD_CNO,SAMPLE,1,470.0,1124.95,200,101,0,0.0,0.0
R004,CNO,T1_SD_CNO,SAMPLE,1,480.0,1134.95,200,123,1,0.5,0.8130081300813008
R004,CNO,T1_SD_CNO,SAMPLE,1,490.0,1144.95,200,104,2,1.0,1.9230769230769231
R004,CNO,T1_SD_CNO,SAMPLE,1,500.0,1154.95,200,154,0,0.0,0.0
R004,CNO,T1_SD_CNO,SAMPLE,1,510.0,1164.95,200,161,2,1.0,1.2422360248447204
R004,CNO,T1_SD_CNO,SAMPLE,1,520.0,1174.95,200,126,0,0.0,0.0
R004,CNO,T1_SD_CNO,SAMPLE,1,530.0,1184.95,200,123,0,0.0,0.0
R004,CNO,T1_SD_CNO,SAMPLE,1,540.0,1194.95,200,117,0,0.0,0.0
R004,CNO,T1_SD_CNO,SAMPLE,1,550.0,1204.95,200,78,0,0.0,0.0
R004,CNO,T1_SD_CNO,SAMPLE,1,560.0,1214.95,200,104,1,0.5,0.9615384615384616
R004,CNO,T1_SD_CNO,SAMPLE,1,570.0,1224.95,200,125,0,0.0,0.0
R004,CNO,T1_SD_CNO,SAMPLE,1,580.0,1234.95,200,96,0,0.0,0.0
R004,CNO,T1_SD_CNO,SAMPLE,1,590.0,1244.95,200,89,0,0.0,0.0
R004,CNO,T1_SD_CNO,SAMPLE,1,600.0,1254.95,200,114,0,0.0,0.0
R004,CNO,T1_SD_CNO,SAMPLE,1,610.0,1264.95,200,139,0,0.0,0.0
R004,CNO,T1_SD_CNO,SAMPLE,1,620.0,1274.95,200,86,1,0.5,1.1627906976744187
R004,CNO,T1_SD_CNO,SAMPLE,1,630.0,1284.95,200,77,1,0.5,1.2987012987012987
R004,CNO,T1_SD_CNO,SAMPLE,1,640.0,1294.95,199,128,0,0.0,0.0
R004,CNO,T1_SD_CNO,SAMPLE,2,0.0,654.95,200,146,9,4.5,6.164383561643835
R004,CNO,T1_SD_CNO,SAMPLE,2,10.0,664.95,200,151,0,0.0,0.0
R004,CNO,T1_SD_CNO,SAMPLE,2,20.0,674.95,200,189,0,0.0,0.0
R004,CNO,T1_SD_CNO,SAMPLE,2,30.0,684.95,200,132,8,4.0,6.0606060606060606
R004,CNO,T1_SD_CNO,SAMPLE,2,40.0,694.95,200,157,0,0.0,0.0
R004,CNO,T1_SD_CNO,SAMPLE,2,50.0,704.95,200,151,1,0.5,0.6622516556291391
R004,CNO,T1_SD_CNO,SAMPLE,2,60.0,714.95,200,148,2,1.0,1.3513513513513513
R004,CNO,T1_SD_CNO,SAMPLE,2,70.0,724.95,200,124,3,1.5,2.4193548387096775
R004,CNO,T1_SD_CNO,SAMPLE,2,80.0,734.95,200,129,0,0.0,0.0
R004,CNO,T1_SD_CNO,SAMPLE,2,90.0,744.95,200,166,0,0.0,0.0
R004,CNO,T1_SD_CNO,SAMPLE,2,100.0,754.95,200,150,1,0.5,0.6666666666666666
R004,CNO,T1_SD_CNO,SAMPLE,2,110.0,764.95,200,146,0,0.0,0.0
R004,CNO,T1_SD_CNO,SAMPLE,2,120.0,774.95,200,135,4,2.0,2.962962962962963
R004,CNO,T1_SD_CNO,SAMPLE,2,130.0,784.95,200,116,2,1.0,1.7241379310344827
R004,CNO,T1_SD_CNO,SAMPLE,2,140.0,794.95,200,122,4,2.0,3.278688524590164
R004,CNO,T1_SD_CNO,SAMPLE,2,150.0,804.95,200,144,1,0.5,0.6944444444444444
R004,CNO,T1_SD_CNO,SAMPLE,2,160.0,814.95,200,90,1,0.5,1.1111111111111112
R004,CNO,T1_SD_CNO,SAMPLE,2,170.0,824.95,200,121,0,0.0,0.0
R004,CNO,T1_SD_CNO,SAMPLE,2,180.0,834.95,200,117,0,0.0,0.0
R004,CNO,T1_SD_CNO,SAMPLE,2,190.0,844.95,200,138,1,0.5,0.7246376811594203
R004,CNO,T1_SD_CNO,SAMPLE,2,200.0,854.95,200,143,2,1.0,1.3986013986013985
R004,CNO,T1_SD_CNO,SAMPLE,2,210.0,864.95,200,165,2,1.0,1.2121212121212122
R004,CNO,T1_SD_CNO,SAMPLE,2,220.0,874.95,200,118,2,1.0,1.694915254237288
R004,CNO,T1_SD_CNO,SAMPLE,2,230.0,884.95,200,104,1,0.5,0.9615384615384616
R004,CNO,T1_SD_CNO,SAMPLE,2,240.0,894.95,200,120,0,0.0,0.0
R004,CNO,T1_SD_CNO,SAMPLE,2,250.0,904.95,200,117,3,1.5,2.5641025641025643
R004,CNO,T1_SD_CNO,SAMPLE,2,260.0,914.95,200,149,1,0.5,0.6711409395973155
R004,CNO,T1_SD_CNO,SAMPLE,2,270.0,924.95,200,131,0,0.0,0.0
R004,CNO,T1_SD_CNO,SAMPLE,2,280.0,934.95,200,106,2,1.0,1.8867924528301887
R004,CNO,T1_SD_CNO,SAMPLE,2,290.0,944.95,200,86,0,0.0,0.0
R004,CNO,T1_SD_CNO,SAMPLE,2,300.0,954.95,200,146,0,0.0,0.0
R004,CNO,T1_SD_CNO,SAMPLE,2,310.0,964.95,200,115,5,2.5,4.3478260869565215
R004,CNO,T1_SD_CNO,SAMPLE,2,320.0,974.95,200,142,0,0.0,0.0
R004,CNO,T1_SD_CNO,SAMPLE,2,330.0,984.95,200,125,0,0.0,0.0
R004,CNO,T1_SD_CNO,SAMPLE,2,340.0,994.95,200,108,5,2.5,4.62962962962963
R004,CNO,T1_SD_CNO,SAMPLE,2,350.0,1004.95,200,113,0,0.0,0.0
R004,CNO,T1_SD_CNO,SAMPLE,2,360.0,1014.95,200,119,6,3.0,5.042016806722689
R004,CNO,T1_SD_CNO,SAMPLE,2,370.0,1024.95,200,132,0,0.0,0.0
R004,CNO,T1_SD_CNO,SAMPLE,2,380.0,1034.95,200,120,0,0.0,0.0
R004,CNO,T1_SD_CNO,SAMPLE,2,390.0,1044.95,200,67,0,0.0,0.0
R004,CNO,T1_SD_CNO,SAMPLE,2,400.0,1054.95,200,156,0,0.0,0.0
R004,CNO,T1_SD_CNO,SAMPLE,2,410.0,1064.95,200,116,0,0.0,0.0
R004,CNO,T1_SD_CNO,SAMPLE,2,420.0,1074.95,200,107,4,2.0,3.7383177570093458
R004,CNO,T1_SD_CNO,SAMPLE,2,430.0,1084.95,200,115,5,2.5,4.3478260869565215
R004,CNO,T1_SD_CNO,SAMPLE,2,440.0,1094.95,200,138,0,0.0,0.0
R004,CNO,T1_SD_CNO,SAMPLE,2,450.0,1104.95,200,132,0,0.0,0.0
R004,CNO,T1_SD_CNO,SAMPLE,2,460.0,1114.95,200,118,3,1.5,2.542372881355932
R004,CNO,T1_SD_CNO,SAMPLE,2,470.0,1124.95,200,101,0,0.0,0.0
R004,CNO,T1_SD_CNO,SAMPLE,2,480.0,1134.95,200,123,4,2.0,3.252032520325203
R004,CNO,T1_SD_CNO,SAMPLE,2,490.0,1144.95,200,104,0,0.0,0.0
R004,CNO,T1_SD_CNO,SAMPLE,2,500.0,1154.95,200,154,1,0.5,0.6493506493506493
R004,CNO,T1_SD_CNO,SAMPLE,2,510.0,1164.95,200,161,0,0.0,0.0
R004,CNO,T1_SD_CNO,SAMPLE,2,520.0,1174.95,200,126,0,0.0,0.0
R004,CNO,T1_SD_CNO,SAMPLE,2,530.0,1184.95,200,123,0,0.0,0.0
R004,CNO,T1_SD_CNO,SAMPLE,2,540.0,1194.95,200,117,1,0.5,0.8547008547008547
R004,CNO,T1_SD_CNO,SAMPLE,2,550.0,1204.95,200,78,8,4.0,10.256410256410257
R004,CNO,T1_SD_CNO,SAMPLE,2,560.0,1214.95,200,104,0,0.0,0.0
R004,CNO,T1_SD_CNO,SAMPLE,2,570.0,1224.95,200,125,2,1.0,1.6
R004,CNO,T1_SD_CNO,SAMPLE,2,580.0,1234.95,200,96,0,0.0,0.0
R004,CNO,T1_SD_CNO,SAMPLE,2,590.0,1244.95,200,89,0,0.0,0.0
R004,CNO,T1_SD_CNO,SAMPLE,2,600.0,1254.95,200,114,0,0.0,0.0
R004,CNO,T1_SD_CNO,SAMPLE,2,610.0,1264.95,200,139,0,0.0,0.0
R004,CNO,T1_SD_CNO,SAMPLE,2,620.0,1274.95,200,86,0,0.0,0.0
R004,CNO,T1_SD_CNO,SAMPLE,2,630.0,1284.95,200,77,0,0.0,0.0
R004,CNO,T1_SD_CNO,SAMPLE,2,640.0,1294.95,199,128,3,1.5075376884422111,2.34375
R004,CNO,T1_SD_CNO,SAMPLE,3,0.0,654.95,200,146,0,0.0,0.0
R004,CNO,T1_SD_CNO,SAMPLE,3,10.0,664.95,200,151,1,0.5,0.6622516556291391
R004,CNO,T1_SD_CNO,SAMPLE,3,20.0,674.95,200,189,0,0.0,0.0
R004,CNO,T1_SD_CNO,SAMPLE,3,30.0,684.95,200,132,0,0.0,0.0
R004,CNO,T1_SD_CNO,SAMPLE,3,40.0,694.95,200,157,0,0.0,0.0
R004,CNO,T1_SD_CNO,SAMPLE,3,50.0,704.95,200,151,0,0.0,0.0
R004,CNO,T1_SD_CNO,SAMPLE,3,60.0,714.95,200,148,0,0.0,0.0
R004,CNO,T1_SD_CNO,SAMPLE,3,70.0,724.95,200,124,1,0.5,0.8064516129032258
R004,CNO,T1_SD_CNO,SAMPLE,3,80.0,734.95,200,129,0,0.0,0.0
R004,CNO,T1_SD_CNO,SAMPLE,3,90.0,744.95,200,166,0,0.0,0.0
R004,CNO,T1_SD_CNO,SAMPLE,3,100.0,754.95,200,150,0,0.0,0.0
R004,CNO,T1_SD_CNO,SAMPLE,3,110.0,764.95,200,146,0,0.0,0.0
R004,CNO,T1_SD_CNO,SAMPLE,3,120.0,774.95,200,135,9,4.5,6.666666666666667
R004,CNO,T1_SD_CNO,SAMPLE,3,130.0,784.95,200,116,0,0.0,0.0
R004,CNO,T1_SD_CNO,SAMPLE,3,140.0,794.95,200,122,0,0.0,0.0
R004,CNO,T1_SD_CNO,SAMPLE,3,150.0,804.95,200,144,0,0.0,0.0
R004,CNO,T1_SD_CNO,SAMPLE,3,160.0,814.95,200,90,0,0.0,0.0
R004,CNO,T1_SD_CNO,SAMPLE,3,170.0,824.95,200,121,2,1.0,1.6528925619834711
R004,CNO,T1_SD_CNO,SAMPLE,3,180.0,834.95,200,117,1,0.5,0.8547008547008547
R004,CNO,T1_SD_CNO,SAMPLE,3,190.0,844.95,200,138,0,0.0,0.0
R004,CNO,T1_SD_CNO,SAMPLE,3,200.0,854.95,200,143,1,0.5,0.6993006993006993
R004,CNO,T1_SD_CNO,SAMPLE,3,210.0,864.95,200,165,0,0.0,0.0
R004,CNO,T1_SD_CNO,SAMPLE,3,220.0,874.95,200,118,1,0.5,0.847457627118644
R004,CNO,T1_SD_CNO,SAMPLE,3,230.0,884.95,200,104,2,1.0,1.9230769230769231
R004,CNO,T1_SD_CNO,SAMPLE,3,240.0,894.95,200,120,1,0.5,0.8333333333333334
R004,CNO,T1_SD_CNO,SAMPLE,3,250.0,904.95,200,117,0,0.0,0.0
R004,CNO,T1_SD_CNO,SAMPLE,3,260.0,914.95,200,149,1,0.5,0.6711409395973155
R004,CNO,T1_SD_CNO,SAMPLE,3,270.0,924.95,200,131,0,0.0,0.0
R004,CNO,T1_SD_CNO,SAMPLE,3,280.0,934.95,200,106,1,0.5,0.9433962264150944
R004,CNO,T1_SD_CNO,SAMPLE,3,290.0,944.95,200,86,0,0.0,0.0
R004,CNO,T1_SD_CNO,SAMPLE,3,300.0,954.95,200,146,0,0.0,0.0
R004,CNO,T1_SD_CNO,SAMPLE,3,310.0,964.95,200,115,2,1.0,1.7391304347826086
R004,CNO,T1_SD_CNO,SAMPLE,3,320.0,974.95,200,142,1,0.5,0.704225352112676
R004,CNO,T1_SD_CNO,SAMPLE,3,330.0,984.95,200,125,1,0.5,0.8
R004,CNO,T1_SD_CNO,SAMPLE,3,340.0,994.95,200,108,0,0.0,0.0
R004,CNO,T1_SD_CNO,SAMPLE,3,350.0,1004.95,200,113,1,0.5,0.8849557522123894
R004,CNO,T1_SD_CNO,SAMPLE,3,360.0,1014.95,200,119,1,0.5,0.8403361344537815
R004,CNO,T1_SD_CNO,SAMPLE,3,370.0,1024.95,200,132,0,0.0,0.0
R004,CNO,T1_SD_CNO,SAMPLE,3,380.0,1034.95,200,120,1,0.5,0.8333333333333334
R004,CNO,T1_SD_CNO,SAMPLE,3,390.0,1044.95,200,67,0,0.0,0.0
R004,CNO,T1_SD_CNO,SAMPLE,3,400.0,1054.95,200,156,1,0.5,0.6410256410256411
R004,CNO,T1_SD_CNO,SAMPLE,3,410.0,1064.95,200,116,2,1.0,1.7241379310344827
R004,CNO,T1_SD_CNO,SAMPLE,3,420.0,1074.95,200,107,0,0.0,0.0
R004,CNO,T1_SD_CNO,SAMPLE,3,430.0,1084.95,200,115,2,1.0,1.7391304347826086
R004,CNO,T1_SD_CNO,SAMPLE,3,440.0,1094.95,200,138,1,0.5,0.7246376811594203
R004,CNO,T1_SD_CNO,SAMPLE,3,450.0,1104.95,200,132,1,0.5,0.7575757575757576
R004,CNO,T1_SD_CNO,SAMPLE,3,460.0,1114.95,200,118,0,0.0,0.0
R004,CNO,T1_SD_CNO,SAMPLE,3,470.0,1124.95,200,101,1,0.5,0.9900990099009901
R004,CNO,T1_SD_CNO,SAMPLE,3,480.0,1134.95,200,123,0,0.0,0.0
R004,CNO,T1_SD_CNO,SAMPLE,3,490.0,1144.95,200,104,0,0.0,0.0
R004,CNO,T1_SD_CNO,SAMPLE,3,500.0,1154.95,200,154,0,0.0,0.0
R004,CNO,T1_SD_CNO,SAMPLE,3,510.0,1164.95,200,161,1,0.5,0.6211180124223602
R004,CNO,T1_SD_CNO,SAMPLE,3,520.0,1174.95,200,126,2,1.0,1.5873015873015872
R004,CNO,T1_SD_CNO,SAMPLE,3,530.0,1184.95,200,123,1,0.5,0.8130081300813008
R004,CNO,T1_SD_CNO,SAMPLE,3,540.0,1194.95,200,117,3,1.5,2.5641025641025643
R004,CNO,T1_SD_CNO,SAMPLE,3,550.0,1204.95,200,78,0,0.0,0.0
R004,CNO,T1_SD_CNO,SAMPLE,3,560.0,1214.95,200,104,2,1.0,1.9230769230769231
R004,CNO,T1_SD_CNO,SAMPLE,3,570.0,1224.95,200,125,0,0.0,0.0
R004,CNO,T1_SD_CNO,SAMPLE,3,580.0,1234.95,200,96,2,1.0,2.0833333333333335
R004,CNO,T1_SD_CNO,SAMPLE,3,590.0,1244.95,200,89,0,0.0,0.0
R004,CNO,T1_SD_CNO,SAMPLE,3,600.0,1254.95,200,114,1,0.5,0.8771929824561403
R004,CNO,T1_SD_CNO,SAMPLE,3,610.0,1264.95,200,139,0,0.0,0.0
R004,CNO,T1_SD_CNO,SAMPLE,3,620.0,1274.95,200,86,0,0.0,0.0
R004,CNO,T1_SD_CNO,SAMPLE,3,630.0,1284.95,200,77,2,1.0,2.5974025974025974
R004,CNO,T1_SD_CNO,SAMPLE,3,640.0,1294.95,199,128,3,1.5075376884422111,2.34375
R004,CNO,T1_SD_CNO,SAMPLE,4,0.0,654.95,200,146,0,0.0,0.0
R004,CNO,T1_SD_CNO,SAMPLE,4,10.0,664.95,200,151,0,0.0,0.0
R004,CNO,T1_SD_CNO,SAMPLE,4,20.0,674.95,200,189,1,0.5,0.5291005291005291
R004,CNO,T1_SD_CNO,SAMPLE,4,30.0,684.95,200,132,4,2.0,3.0303030303030303
R004,CNO,T1_SD_CNO,SAMPLE,4,40.0,694.95,200,157,3,1.5,1.910828025477707
R004,CNO,T1_SD_CNO,SAMPLE,4,50.0,704.95,200,151,0,0.0,0.0
R004,CNO,T1_SD_CNO,SAMPLE,4,60.0,714.95,200,148,3,1.5,2.027027027027027
R004,CNO,T1_SD_CNO,SAMPLE,4,70.0,724.95,200,124,0,0.0,0.0
R004,CNO,T1_SD_CNO,SAMPLE,4,80.0,734.95,200,129,0,0.0,0.0
R004,CNO,T1_SD_CNO,SAMPLE,4,90.0,744.95,200,166,0,0.0,0.0
R004,CNO,T1_SD_CNO,SAMPLE,4,100.0,754.95,200,150,7,3.5,4.666666666666667
R004,CNO,T1_SD_CNO,SAMPLE,4,110.0,764.95,200,146,0,0.0,0.0
R004,CNO,T1_SD_CNO,SAMPLE,4,120.0,774.95,200,135,0,0.0,0.0
R004,CNO,T1_SD_CNO,SAMPLE,4,130.0,784.95,200,116,0,0.0,0.0
R004,CNO,T1_SD_CNO,SAMPLE,4,140.0,794.95,200,122,0,0.0,0.0
R004,CNO,T1_SD_CNO,SAMPLE,4,150.0,804.95,200,144,4,2.0,2.7777777777777777
R004,CNO,T1_SD_CNO,SAMPLE,4,160.0,814.95,200,90,0,0.0,0.0
R004,CNO,T1_SD_CNO,SAMPLE,4,170.0,824.95,200,121,1,0.5,0.8264462809917356
R004,CNO,T1_SD_CNO,SAMPLE,4,180.0,834.95,200,117,1,0.5,0.8547008547008547
R004,CNO,T1_SD_CNO,SAMPLE,4,190.0,844.95,200,138,0,0.0,0.0
R004,CNO,T1_SD_CNO,SAMPLE,4,200.0,854.95,200,143,0,0.0,0.0
R004,CNO,T1_SD_CNO,SAMPLE,4,210.0,864.95,200,165,1,0.5,0.6060606060606061
R004,CNO,T1_SD_CNO,SAMPLE,4,220.0,874.95,200,118,2,1.0,1.694915254237288
R004,CNO,T1_SD_CNO,SAMPLE,4,230.0,884.95,200,104,1,0.5,0.9615384615384616
R004,CNO,T1_SD_CNO,SAMPLE,4,240.0,894.95,200,120,0,0.0,0.0
R004,CNO,T1_SD_CNO,SAMPLE,4,250.0,904.95,200,117,0,0.0,0.0
R004,CNO,T1_SD_CNO,SAMPLE,4,260.0,914.95,200,149,0,0.0,0.0
R004,CNO,T1_SD_CNO,SAMPLE,4,270.0,924.95,200,131,0,0.0,0.0
R004,CNO,T1_SD_CNO,SAMPLE,4,280.0,934.95,200,106,4,2.0,3.7735849056603774
R004,CNO,T1_SD_CNO,SAMPLE,4,290.0,944.95,200,86,0,0.0,0.0
R004,CNO,T1_SD_CNO,SAMPLE,4,300.0,954.95,200,146,1,0.5,0.684931506849315
R004,CNO,T1_SD_CNO,SAMPLE,4,310.0,964.95,200,115,8,4.0,6.956521739130435
R004,CNO,T1_SD_CNO,SAMPLE,4,320.0,974.95,200,142,1,0.5,0.704225352112676
R004,CNO,T1_SD_CNO,SAMPLE,4,330.0,984.95,200,125,1,0.5,0.8
R004,CNO,T1_SD_CNO,SAMPLE,4,340.0,994.95,200,108,2,1.0,1.8518518518518519
R004,CNO,T1_SD_CNO,SAMPLE,4,350.0,1004.95,200,113,0,0.0,0.0
R004,CNO,T1_SD_CNO,SAMPLE,4,360.0,1014.95,200,119,1,0.5,0.8403361344537815
R004,CNO,T1_SD_CNO,SAMPLE,4,370.0,1024.95,200,132,0,0.0,0.0
R004,CNO,T1_SD_CNO,SAMPLE,4,380.0,1034.95,200,120,0,0.0,0.0
R004,CNO,T1_SD_CNO,SAMPLE,4,390.0,1044.95,200,67,1,0.5,1.492537313432836
R004,CNO,T1_SD_CNO,SAMPLE,4,400.0,1054.95,200,156,2,1.0,1.2820512820512822
R004,CNO,T1_SD_CNO,SAMPLE,4,410.0,1064.95,200,116,0,0.0,0.0
R004,CNO,T1_SD_CNO,SAMPLE,4,420.0,1074.95,200,107,0,0.0,0.0
R004,CNO,T1_SD_CNO,SAMPLE,4,430.0,1084.95,200,115,0,0.0,0.0
R004,CNO,T1_SD_CNO,SAMPLE,4,440.0,1094.95,200,138,0,0.0,0.0
R004,CNO,T1_SD_CNO,SAMPLE,4,450.0,1104.95,200,132,2,1.0,1.5151515151515151
R004,CNO,T1_SD_CNO,SAMPLE,4,460.0,1114.95,200,118,3,1.5,2.542372881355932
R004,CNO,T1_SD_CNO,SAMPLE,4,470.0,1124.95,200,101,0,0.0,0.0
R004,CNO,T1_SD_CNO,SAMPLE,4,480.0,1134.95,200,123,6,3.0,4.878048780487805
R004,CNO,T1_SD_CNO,SAMPLE,4,490.0,1144.95,200,104,1,0.5,0.9615384615384616
R004,CNO,T1_SD_CNO,SAMPLE,4,500.0,1154.95,200,154,1,0.5,0.6493506493506493
R004,CNO,T1_SD_CNO,SAMPLE,4,510.0,1164.95,200,161,0,0.0,0.0
R004,CNO,T1_SD_CNO,SAMPLE,4,520.0,1174.95,200,126,1,0.5,0.7936507936507936
R004,CNO,T1_SD_CNO,SAMPLE,4,530.0,1184.95,200,123,0,0.0,0.0
R004,CNO,T1_SD_CNO,SAMPLE,4,540.0,1194.95,200,117,0,0.0,0.0
R004,CNO,T1_SD_CNO,SAMPLE,4,550.0,1204.95,200,78,0,0.0,0.0
R004,CNO,T1_SD_CNO,SAMPLE,4,560.0,1214.95,200,104,0,0.0,0.0
R004,CNO,T1_SD_CNO,SAMPLE,4,570.0,1224.95,200,125,10,5.0,8.0
R004,CNO,T1_SD_CNO,SAMPLE,4,580.0,1234.95,200,96,0,0.0,0.0
R004,CNO,T1_SD_CNO,SAMPLE,4,590.0,1244.95,200,89,0,0.0,0.0
R004,CNO,T1_SD_CNO,SAMPLE,4,600.0,1254.95,200,114,5,2.5,4.385964912280702
R004,CNO,T1_SD_CNO,SAMPLE,4,610.0,1264.95,200,139,0,0.0,0.0
R004,CNO,T1_SD_CNO,SAMPLE,4,620.0,1274.95,200,86,0,0.0,0.0
R004,CNO,T1_SD_CNO,SAMPLE,4,630.0,1284.95,200,77,0,0.0,0.0
R004,CNO,T1_SD_CNO,SAMPLE,4,640.0,1294.95,199,128,2,1.0050251256281406,1.5625
R004,CNO,T1_SD_CNO,SAMPLE,5,0.0,654.95,200,146,0,0.0,0.0
R004,CNO,T1_SD_CNO,SAMPLE,5,10.0,664.95,200,151,2,1.0,1.3245033112582782
R004,CNO,T1_SD_CNO,SAMPLE,5,20.0,674.95,200,189,0,0.0,0.0
R004,CNO,T1_SD_CNO,SAMPLE,5,30.0,684.95,200,132,4,2.0,3.0303030303030303
R004,CNO,T1_SD_CNO,SAMPLE,5,40.0,694.95,200,157,3,1.5,1.910828025477707
R004,CNO,T1_SD_CNO,SAMPLE,5,50.0,704.95,200,151,3,1.5,1.9867549668874172
R004,CNO,T1_SD_CNO,SAMPLE,5,60.0,714.95,200,148,4,2.0,2.7027027027027026
R004,CNO,T1_SD_CNO,SAMPLE,5,70.0,724.95,200,124,3,1.5,2.4193548387096775
R004,CNO,T1_SD_CNO,SAMPLE,5,80.0,734.95,200,129,2,1.0,1.550387596899225
R004,CNO,T1_SD_CNO,SAMPLE,5,90.0,744.95,200,166,2,1.0,1.2048192771084338
R004,CNO,T1_SD_CNO,SAMPLE,5,100.0,754.95,200,150,0,0.0,0.0
R004,CNO,T1_SD_CNO,SAMPLE,5,110.0,764.95,200,146,1,0.5,0.684931506849315
R004,CNO,T1_SD_CNO,SAMPLE,5,120.0,774.95,200,135,0,0.0,0.0
R004,CNO,T1_SD_CNO,SAMPLE,5,130.0,784.95,200,116,0,0.0,0.0
R004,CNO,T1_SD_CNO,SAMPLE,5,140.0,794.95,200,122,4,2.0,3.278688524590164
R004,CNO,T1_SD_CNO,SAMPLE,5,150.0,804.95,200,144,5,2.5,3.4722222222222223
R004,CNO,T1_SD_CNO,SAMPLE,5,160.0,814.95,200,90,1,0.5,1.1111111111111112
R004,CNO,T1_SD_CNO,SAMPLE,5,170.0,824.95,200,121,2,1.0,1.6528925619834711
R004,CNO,T1_SD_CNO,SAMPLE,5,180.0,834.95,200,117,2,1.0,1.7094017094017093
R004,CNO,T1_SD_CNO,SAMPLE,5,190.0,844.95,200,138,0,0.0,0.0
R004,CNO,T1_SD_CNO,SAMPLE,5,200.0,854.95,200,143,1,0.5,0.6993006993006993
R004,CNO,T1_SD_CNO,SAMPLE,5,210.0,864.95,200,165,0,0.0,0.0
R004,CNO,T1_SD_CNO,SAMPLE,5,220.0,874.95,200,118,0,0.0,0.0
R004,CNO,T1_SD_CNO,SAMPLE,5,230.0,884.95,200,104,0,0.0,0.0
R004,CNO,T1_SD_CNO,SAMPLE,5,240.0,894.95,200,120,0,0.0,0.0
R004,CNO,T1_SD_CNO,SAMPLE,5,250.0,904.95,200,117,7,3.5,5.982905982905983
R004,CNO,T1_SD_CNO,SAMPLE,5,260.0,914.95,200,149,7,3.5,4.697986577181208
R004,CNO,T1_SD_CNO,SAMPLE,5,270.0,924.95,200,131,7,3.5,5.343511450381679
R004,CNO,T1_SD_CNO,SAMPLE,5,280.0,934.95,200,106,0,0.0,0.0
R004,CNO,T1_SD_CNO,SAMPLE,5,290.0,944.95,200,86,3,1.5,3.488372093023256
R004,CNO,T1_SD_CNO,SAMPLE,5,300.0,954.95,200,146,4,2.0,2.73972602739726
R004,CNO,T1_SD_CNO,SAMPLE,5,310.0,964.95,200,115,0,0.0,0.0
R004,CNO,T1_SD_CNO,SAMPLE,5,320.0,974.95,200,142,4,2.0,2.816901408450704
R004,CNO,T1_SD_CNO,SAMPLE,5,330.0,984.95,200,125,6,3.0,4.8
R004,CNO,T1_SD_CNO,SAMPLE,5,340.0,994.95,200,108,3,1.5,2.7777777777777777
R004,CNO,T1_SD_CNO,SAMPLE,5,350.0,1004.95,200,113,4,2.0,3.5398230088495577
R004,CNO,T1_SD_CNO,SAMPLE,5,360.0,1014.95,200,119,0,0.0,0.0
R004,CNO,T1_SD_CNO,SAMPLE,5,370.0,1024.95,200,132,0,0.0,0.0
R004,CNO,T1_SD_CNO,SAMPLE,5,380.0,1034.95,200,120,0,0.0,0.0
R004,CNO,T1_SD_CNO,SAMPLE,5,390.0,1044.95,200,67,5,2.5,7.462686567164179
R004,CNO,T1_SD_CNO,SAMPLE,5,400.0,1054.95,200,156,0,0.0,0.0
R004,CNO,T1_SD_CNO,SAMPLE,5,410.0,1064.95,200,116,7,3.5,6.0344827586206895
R004,CNO,T1_SD_CNO,SAMPLE,5,420.0,1074.95,200,107,2,1.0,1.8691588785046729
R004,CNO,T1_SD_CNO,SAMPLE,5,430.0,1084.95,200,115,3,1.5,2.608695652173913
R004,CNO,T1_SD_CNO,SAMPLE,5,440.0,1094.95,200,138,0,0.0,0.0
R004,CNO,T1_SD_CNO,SAMPLE,5,450.0,1104.95,200,132,0,0.0,0.0
R004,CNO,T1_SD_CNO,SAMPLE,5,460.0,1114.95,200,118,0,0.0,0.0
R004,CNO,T1_SD_CNO,SAMPLE,5,470.0,1124.95,200,101,3,1.5,2.9702970297029703
R004,CNO,T1_SD_CNO,SAMPLE,5,480.0,1134.95,200,123,2,1.0,1.6260162601626016
R004,CNO,T1_SD_CNO,SAMPLE,5,490.0,1144.95,200,104,6,3.0,5.769230769230769
R004,CNO,T1_SD_CNO,SAMPLE,5,500.0,1154.95,200,154,5,2.5,3.2467532467532467
R004,CNO,T1_SD_CNO,SAMPLE,5,510.0,1164.95,200,161,0,0.0,0.0
R004,CNO,T1_SD_CNO,SAMPLE,5,520.0,1174.95,200,126,0,0.0,0.0
R004,CNO,T1_SD_CNO,SAMPLE,5,530.0,1184.95,200,123,3,1.5,2.4390243902439024
R004,CNO,T1_SD_CNO,SAMPLE,5,540.0,1194.95,200,117,6,3.0,5.128205128205129
R004,CNO,T1_SD_CNO,SAMPLE,5,550.0,1204.95,200,78,0,0.0,0.0
R004,CNO,T1_SD_CNO,SAMPLE,5,560.0,1214.95,200,104,0,0.0,0.0
R004,CNO,T1_SD_CNO,SAMPLE,5,570.0,1224.95,200,125,0,0.0,0.0
R004,CNO,T1_SD_CNO,SAMPLE,5,580.0,1234.95,200,96,0,0.0,0.0
R004,CNO,T1_SD_CNO,SAMPLE,5,590.0,1244.95,200,89,3,1.5,3.3707865168539324
R004,CNO,T1_SD_CNO,SAMPLE,5,600.0,1254.95,200,114,5,2.5,4.385964912280702
R004,CNO,T1_SD_CNO,SAMPLE,5,610.0,1264.95,200,139,0,0.0,0.0
R004,CNO,T1_SD_CNO,SAMPLE,5,620.0,1274.95,200,86,0,0.0,0.0
R004,CNO,T1_SD_CNO,SAMPLE,5,630.0,1284.95,200,77,1,0.5,1.2987012987012987
R004,CNO,T1_SD_CNO,SAMPLE,5,640.0,1294.95,199,128,4,2.0100502512562812,3.125
R004,CNO,T1_SD_CNO,SAMPLE,6,0.0,654.95,200,146,0,0.0,0.0
R004,CNO,T1_SD_CNO,SAMPLE,6,10.0,664.95,200,151,0,0.0,0.0
R004,CNO,T1_SD_CNO,SAMPLE,6,20.0,674.95,200,189,1,0.5,0.5291005291005291
R004,CNO,T1_SD_CNO,SAMPLE,6,30.0,684.95,200,132,3,1.5,2.272727272727273
R004,CNO,T1_SD_CNO,SAMPLE,6,40.0,694.95,200,157,1,0.5,0.6369426751592356
R004,CNO,T1_SD_CNO,SAMPLE,6,50.0,704.95,200,151,6,3.0,3.9735099337748343
R004,CNO,T1_SD_CNO,SAMPLE,6,60.0,714.95,200,148,0,0.0,0.0
R004,CNO,T1_SD_CNO,SAMPLE,6,70.0,724.95,200,124,1,0.5,0.8064516129032258
R004,CNO,T1_SD_CNO,SAMPLE,6,80.0,734.95,200,129,2,1.0,1.550387596899225
R004,CNO,T1_SD_CNO,SAMPLE,6,90.0,744.95,200,166,0,0.0,0.0
R004,CNO,T1_SD_CNO,SAMPLE,6,100.0,754.95,200,150,0,0.0,0.0
R004,CNO,T1_SD_CNO,SAMPLE,6,110.0,764.95,200,146,3,1.5,2.0547945205479454
R004,CNO,T1_SD_CNO,SAMPLE,6,120.0,774.95,200,135,1,0.5,0.7407407407407407
R004,CNO,T1_SD_CNO,SAMPLE,6,130.0,784.95,200,116,0,0.0,0.0
R004,CNO,T1_SD_CNO,SAMPLE,6,140.0,794.95,200,122,0,0.0,0.0
R004,CNO,T1_SD_CNO,SAMPLE,6,150.0,804.95,200,144,0,0.0,0.0
R004,CNO,T1_SD_CNO,SAMPLE,6,160.0,814.95,200,90,0,0.0,0.0
R004,CNO,T1_SD_CNO,SAMPLE,6,170.0,824.95,200,121,0,0.0,0.0
R004,CNO,T1_SD_CNO,SAMPLE,6,180.0,834.95,200,117,0,0.0,0.0
R004,CNO,T1_SD_CNO,SAMPLE,6,190.0,844.95,200,138,1,0.5,0.7246376811594203
R004,CNO,T1_SD_CNO,SAMPLE,6,200.0,854.95,200,143,3,1.5,2.097902097902098
R004,CNO,T1_SD_CNO,SAMPLE,6,210.0,864.95,200,165,6,3.0,3.6363636363636362
R004,CNO,T1_SD_CNO,SAMPLE,6,220.0,874.95,200,118,2,1.0,1.694915254237288
R004,CNO,T1_SD_CNO,SAMPLE,6,230.0,884.95,200,104,0,0.0,0.0
R004,CNO,T1_SD_CNO,SAMPLE,6,240.0,894.95,200,120,3,1.5,2.5
R004,CNO,T1_SD_CNO,SAMPLE,6,250.0,904.95,200,117,2,1.0,1.7094017094017093
R004,CNO,T1_SD_CNO,SAMPLE,6,260.0,914.95,200,149,0,0.0,0.0
R004,CNO,T1_SD_CNO,SAMPLE,6,270.0,924.95,200,131,0,0.0,0.0
R004,CNO,T1_SD_CNO,SAMPLE,6,280.0,934.95,200,106,0,0.0,0.0
R004,CNO,T1_SD_CNO,SAMPLE,6,290.0,944.95,200,86,1,0.5,1.1627906976744187
R004,CNO,T1_SD_CNO,SAMPLE,6,300.0,954.95,200,146,4,2.0,2.73972602739726
R004,CNO,T1_SD_CNO,SAMPLE,6,310.0,964.95,200,115,0,0.0,0.0
R004,CNO,T1_SD_CNO,SAMPLE,6,320.0,974.95,200,142,2,1.0,1.408450704225352
R004,CNO,T1_SD_CNO,SAMPLE,6,330.0,984.95,200,125,0,0.0,0.0
R004,CNO,T1_SD_CNO,SAMPLE,6,340.0,994.95,200,108,1,0.5,0.9259259259259259
R004,CNO,T1_SD_CNO,SAMPLE,6,350.0,1004.95,200,113,0,0.0,0.0
R004,CNO,T1_SD_CNO,SAMPLE,6,360.0,1014.95,200,119,2,1.0,1.680672268907563
R004,CNO,T1_SD_CNO,SAMPLE,6,370.0,1024.95,200,132,0,0.0,0.0
R004,CNO,T1_SD_CNO,SAMPLE,6,380.0,1034.95,200,120,4,2.0,3.3333333333333335
R004,CNO,T1_SD_CNO,SAMPLE,6,390.0,1044.95,200,67,0,0.0,0.0
R004,CNO,T1_SD_CNO,SAMPLE,6,400.0,1054.95,200,156,0,0.0,0.0
R004,CNO,T1_SD_CNO,SAMPLE,6,410.0,1064.95,200,116,3,1.5,2.586206896551724
R004,CNO,T1_SD_CNO,SAMPLE,6,420.0,1074.95,200,107,2,1.0,1.8691588785046729
R004,CNO,T1_SD_CNO,SAMPLE,6,430.0,1084.95,200,115,1,0.5,0.8695652173913043
R004,CNO,T1_SD_CNO,SAMPLE,6,440.0,1094.95,200,138,0,0.0,0.0
R004,CNO,T1_SD_CNO,SAMPLE,6,450.0,1104.95,200,132,1,0.5,0.7575757575757576
R004,CNO,T1_SD_CNO,SAMPLE,6,460.0,1114.95,200,118,0,0.0,0.0
R004,CNO,T1_SD_CNO,SAMPLE,6,470.0,1124.95,200,101,0,0.0,0.0
R004,CNO,T1_SD_CNO,SAMPLE,6,480.0,1134.95,200,123,1,0.5,0.8130081300813008
R004,CNO,T1_SD_CNO,SAMPLE,6,490.0,1144.95,200,104,1,0.5,0.9615384615384616
R004,CNO,T1_SD_CNO,SAMPLE,6,500.0,1154.95,200,154,2,1.0,1.2987012987012987
R004,CNO,T1_SD_CNO,SAMPLE,6,510.0,1164.95,200,161,0,0.0,0.0
R004,CNO,T1_SD_CNO,SAMPLE,6,520.0,1174.95,200,126,0,0.0,0.0
R004,CNO,T1_SD_CNO,SAMPLE,6,530.0,1184.95,200,123,0,0.0,0.0
R004,CNO,T1_SD_CNO,SAMPLE,6,540.0,1194.95,200,117,2,1.0,1.7094017094017093
R004,CNO,T1_SD_CNO,SAMPLE,6,550.0,1204.95,200,78,6,3.0,7.6923076923076925
R004,CNO,T1_SD_CNO,SAMPLE,6,560.0,1214.95,200,104,6,3.0,5.769230769230769
R004,CNO,T1_SD_CNO,SAMPLE,6,570.0,1224.95,200,125,0,0.0,0.0
R004,CNO,T1_SD_CNO,SAMPLE,6,580.0,1234.95,200,96,0,0.0,0.0
R004,CNO,T1_SD_CNO,SAMPLE,6,590.0,1244.95,200,89,4,2.0,4.49438202247191
R004,CNO,T1_SD_CNO,SAMPLE,6,600.0,1254.95,200,114,13,6.5,11.403508771929825
R004,CNO,T1_SD_CNO,SAMPLE,6,610.0,1264.95,200,139,2,1.0,1.4388489208633093
R004,CNO,T1_SD_CNO,SAMPLE,6,620.0,1274.95,200,86,2,1.0,2.3255813953488373
R004,CNO,T1_SD_CNO,SAMPLE,6,630.0,1284.95,200,77,0,0.0,0.0
R004,CNO,T1_SD_CNO,SAMPLE,6,640.0,1294.95,199,128,1,0.5025125628140703,0.78125
R004,CNO,T1_SD_CNO,TEST,1,0.0,1304.9,200,165,0,0.0,0.0
R004,CNO,T1_SD_CNO,TEST,1,10.0,1314.9,200,171,0,0.0,0.0
R004,CNO,T1_SD_CNO,TEST,1,20.0,1324.9,200,137,0,0.0,0.0
R004,CNO,T1_SD_CNO,TEST,1,30.0,1334.9,200,141,1,0.5,0.7092198581560284
R004,CNO,T1_SD_CNO,TEST,1,40.0,1344.9,200,138,1,0.5,0.7246376811594203
R004,CNO,T1_SD_CNO,TEST,1,50.0,1354.9,200,151,4,2.0,2.6490066225165565
R004,CNO,T1_SD_CNO,TEST,1,60.0,1364.9,200,143,0,0.0,0.0
R004,CNO,T1_SD_CNO,TEST,1,70.0,1374.9,200,138,1,0.5,0.7246376811594203
R004,CNO,T1_SD_CNO,TEST,1,80.0,1384.9,200,115,0,0.0,0.0
R004,CNO,T1_SD_CNO,TEST,1,90.0,1394.9,200,113,2,1.0,1.7699115044247788
R004,CNO,T1_SD_CNO,TEST,1,100.0,1404.9,200,137,4,2.0,2.9197080291970803
R004,CNO,T1_SD_CNO,TEST,1,110.0,1414.9,200,155,1,0.5,0.6451612903225806
R004,CNO,T1_SD_CNO,TEST,1,120.0,1424.9,200,143,1,0.5,0.6993006993006993
R004,CNO,T1_SD_CNO,TEST,1,130.0,1434.9,200,143,1,0.5,0.6993006993006993
R004,CNO,T1_SD_CNO,TEST,1,140.0,1444.9,200,140,1,0.5,0.7142857142857143
R004,CNO,T1_SD_CNO,TEST,1,150.0,1454.9,200,137,1,0.5,0.7299270072992701
R004,CNO,T1_SD_CNO,TEST,1,160.0,1464.9,200,123,0,0.0,0.0
R004,CNO,T1_SD_CNO,TEST,1,170.0,1474.9,200,133,0,0.0,0.0
R004,CNO,T1_SD_CNO,TEST,1,180.0,1484.9,200,150,0,0.0,0.0
R004,CNO,T1_SD_CNO,TEST,1,190.0,1494.9,200,112,0,0.0,0.0
R004,CNO,T1_SD_CNO,TEST,1,200.0,1504.9,200,127,0,0.0,0.0
R004,CNO,T1_SD_CNO,TEST,1,210.0,1514.9,200,121,0,0.0,0.0
R004,CNO,T1_SD_CNO,TEST,1,220.0,1524.9,200,101,0,0.0,0.0
R004,CNO,T1_SD_CNO,TEST,1,230.0,1534.9,200,153,0,0.0,0.0
R004,CNO,T1_SD_CNO,TEST,1,240.0,1544.9,200,143,1,0.5,0.6993006993006993
R004,CNO,T1_SD_CNO,TEST,1,250.0,1554.9,200,139,0,0.0,0.0
R004,CNO,T1_SD_CNO,TEST,1,260.0,1564.9,200,98,3,1.5,3.061224489795918
R004,CNO,T1_SD_CNO,TEST,1,270.0,1574.9,200,132,1,0.5,0.7575757575757576
R004,CNO,T1_SD_CNO,TEST,1,280.0,1584.9,200,127,0,0.0,0.0
R004,CNO,T1_SD_CNO,TEST,1,290.0,1594.9,200,149,0,0.0,0.0
R004,CNO,T1_SD_CNO,TEST,1,300.0,1604.9,200,115,0,0.0,0.0
R004,CNO,T1_SD_CNO,TEST,1,310.0,1614.9,200,127,2,1.0,1.5748031496062993
R004,CNO,T1_SD_CNO,TEST,1,320.0,1624.9,200,130,0,0.0,0.0
R004,CNO,T1_SD_CNO,TEST,1,330.0,1634.9,200,136,0,0.0,0.0
R004,CNO,T1_SD_CNO,TEST,1,340.0,1644.9,200,115,1,0.5,0.8695652173913043
R004,CNO,T1_SD_CNO,TEST,1,350.0,1654.9,200,133,4,2.0,3.007518796992481
R004,CNO,T1_SD_CNO,TEST,1,360.0,1664.9,200,154,3,1.5,1.948051948051948
R004,CNO,T1_SD_CNO,TEST,1,370.0,1674.9,200,151,0,0.0,0.0
R004,CNO,T1_SD_CNO,TEST,1,380.0,1684.9,200,136,0,0.0,0.0
R004,CNO,T1_SD_CNO,TEST,1,390.0,1694.9,200,145,0,0.0,0.0
R004,CNO,T1_SD_CNO,TEST,1,400.0,1704.9,200,105,0,0.0,0.0
R004,CNO,T1_SD_CNO,TEST,1,410.0,1714.9,200,130,0,0.0,0.0
R004,CNO,T1_SD_CNO,TEST,1,420.0,1724.9,200,152,0,0.0,0.0
R004,CNO,T1_SD_CNO,TEST,1,430.0,1734.9,200,96,0,0.0,0.0
R004,CNO,T1_SD_CNO,TEST,1,440.0,1744.9,200,142,0,0.0,0.0
R004,CNO,T1_SD_CNO,TEST,1,450.0,1754.9,200,105,1,0.5,0.9523809523809523
R004,CNO,T1_SD_CNO,TEST,1,460.0,1764.9,200,125,8,4.0,6.4
R004,CNO,T1_SD_CNO,TEST,1,470.0,1774.9,200,109,0,0.0,0.0
R004,CNO,T1_SD_CNO,TEST,1,480.0,1784.9,200,94,0,0.0,0.0
R004,CNO,T1_SD_CNO,TEST,1,490.0,1794.9,200,172,0,0.0,0.0
R004,CNO,T1_SD_CNO,TEST,1,500.0,1804.9,200,141,0,0.0,0.0
R004,CNO,T1_SD_CNO,TEST,1,510.0,1814.9,200,101,0,0.0,0.0
R004,CNO,T1_SD_CNO,TEST,1,520.0,1824.9,200,96,2,1.0,2.0833333333333335
R004,CNO,T1_SD_CNO,TEST,1,530.0,1834.9,200,146,2,1.0,1.36986301369863
R004,CNO,T1_SD_CNO,TEST,1,540.0,1844.9,200,138,0,0.0,0.0
R004,CNO,T1_SD_CNO,TEST,1,550.0,1854.9,200,95,0,0.0,0.0
R004,CNO,T1_SD_CNO,TEST,1,560.0,1864.9,200,119,0,0.0,0.0
R004,CNO,T1_SD_CNO,TEST,1,570.0,1874.9,200,133,1,0.5,0.7518796992481203
R004,CNO,T1_SD_CNO,TEST,1,580.0,1884.9,200,106,1,0.5,0.9433962264150944
R004,CNO,T1_SD_CNO,TEST,1,590.0,1894.9,200,93,0,0.0,0.0
R004,CNO,T1_SD_CNO,TEST,1,600.0,1904.9,200,111,2,1.0,1.8018018018018018
R004,CNO,T1_SD_CNO,TEST,1,610.0,1914.9,200,115,0,0.0,0.0
R004,CNO,T1_SD_CNO,TEST,1,620.0,1924.9,200,94,1,0.5,1.0638297872340425
R004,CNO,T1_SD_CNO,TEST,1,630.0,1934.9,200,129,4,2.0,3.10077519379845
R004,CNO,T1_SD_CNO,TEST,1,640.0,1944.9,198,112,0,0.0,0.0
R004,CNO,T1_SD_CNO,TEST,2,0.0,1304.9,200,165,0,0.0,0.0
R004,CNO,T1_SD_CNO,TEST,2,10.0,1314.9,200,171,0,0.0,0.0
R004,CNO,T1_SD_CNO,TEST,2,20.0,1324.9,200,137,0,0.0,0.0
R004,CNO,T1_SD_CNO,TEST,2,30.0,1334.9,200,141,8,4.0,5.673758865248227
R004,CNO,T1_SD_CNO,TEST,2,40.0,1344.9,200,138,7,3.5,5.072463768115942
R004,CNO,T1_SD_CNO,TEST,2,50.0,1354.9,200,151,0,0.0,0.0
R004,CNO,T1_SD_CNO,TEST,2,60.0,1364.9,200,143,1,0.5,0.6993006993006993
R004,CNO,T1_SD_CNO,TEST,2,70.0,1374.9,200,138,5,2.5,3.6231884057971016
R004,CNO,T1_SD_CNO,TEST,2,80.0,1384.9,200,115,0,0.0,0.0
R004,CNO,T1_SD_CNO,TEST,2,90.0,1394.9,200,113,0,0.0,0.0
R004,CNO,T1_SD_CNO,TEST,2,100.0,1404.9,200,137,1,0.5,0.7299270072992701
R004,CNO,T1_SD_CNO,TEST,2,110.0,1414.9,200,155,0,0.0,0.0
R004,CNO,T1_SD_CNO,TEST,2,120.0,1424.9,200,143,0,0.0,0.0
R004,CNO,T1_SD_CNO,TEST,2,130.0,1434.9,200,143,0,0.0,0.0
R004,CNO,T1_SD_CNO,TEST,2,140.0,1444.9,200,140,5,2.5,3.5714285714285716
R004,CNO,T1_SD_CNO,TEST,2,150.0,1454.9,200,137,0,0.0,0.0
R004,CNO,T1_SD_CNO,TEST,2,160.0,1464.9,200,123,4,2.0,3.252032520325203
R004,CNO,T1_SD_CNO,TEST,2,170.0,1474.9,200,133,1,0.5,0.7518796992481203
R004,CNO,T1_SD_CNO,TEST,2,180.0,1484.9,200,150,1,0.5,0.6666666666666666
R004,CNO,T1_SD_CNO,TEST,2,190.0,1494.9,200,112,0,0.0,0.0
R004,CNO,T1_SD_CNO,TEST,2,200.0,1504.9,200,127,0,0.0,0.0
R004,CNO,T1_SD_CNO,TEST,2,210.0,1514.9,200,121,6,3.0,4.958677685950414
R004,CNO,T1_SD_CNO,TEST,2,220.0,1524.9,200,101,1,0.5,0.9900990099009901
R004,CNO,T1_SD_CNO,TEST,2,230.0,1534.9,200,153,3,1.5,1.9607843137254901
R004,CNO,T1_SD_CNO,TEST,2,240.0,1544.9,200,143,0,0.0,0.0
R004,CNO,T1_SD_CNO,TEST,2,250.0,1554.9,200,139,0,0.0,0.0
R004,CNO,T1_SD_CNO,TEST,2,260.0,1564.9,200,98,0,0.0,0.0
R004,CNO,T1_SD_CNO,TEST,2,270.0,1574.9,200,132,6,3.0,4.545454545454546
R004,CNO,T1_SD_CNO,TEST,2,280.0,1584.9,200,127,0,0.0,0.0
R004,CNO,T1_SD_CNO,TEST,2,290.0,1594.9,200,149,0,0.0,0.0
R004,CNO,T1_SD_CNO,TEST,2,300.0,1604.9,200,115,0,0.0,0.0
R004,CNO,T1_SD_CNO,TEST,2,310.0,1614.9,200,127,2,1.0,1.5748031496062993
R004,CNO,T1_SD_CNO,TEST,2,320.0,1624.9,200,130,0,0.0,0.0
R004,CNO,T1_SD_CNO,TEST,2,330.0,1634.9,200,136,3,1.5,2.2058823529411766
R004,CNO,T1_SD_CNO,TEST,2,340.0,1644.9,200,115,0,0.0,0.0
R004,CNO,T1_SD_CNO,TEST,2,350.0,1654.9,200,133,2,1.0,1.5037593984962405
R004,CNO,T1_SD_CNO,TEST,2,360.0,1664.9,200,154,0,0.0,0.0
R004,CNO,T1_SD_CNO,TEST,2,370.0,1674.9,200,151,0,0.0,0.0
R004,CNO,T1_SD_CNO,TEST,2,380.0,1684.9,200,136,0,0.0,0.0
R004,CNO,T1_SD_CNO,TEST,2,390.0,1694.9,200,145,0,0.0,0.0
R004,CNO,T1_SD_CNO,TEST,2,400.0,1704.9,200,105,0,0.0,0.0
R004,CNO,T1_SD_CNO,TEST,2,410.0,1714.9,200,130,2,1.0,1.5384615384615385
R004,CNO,T1_SD_CNO,TEST,2,420.0,1724.9,200,152,1,0.5,0.6578947368421053
R004,CNO,T1_SD_CNO,TEST,2,430.0,1734.9,200,96,0,0.0,0.0
R004,CNO,T1_SD_CNO,TEST,2,440.0,1744.9,200,142,0,0.0,0.0
R004,CNO,T1_SD_CNO,TEST,2,450.0,1754.9,200,105,0,0.0,0.0
R004,CNO,T1_SD_CNO,TEST,2,460.0,1764.9,200,125,0,0.0,0.0
R004,CNO,T1_SD_CNO,TEST,2,470.0,1774.9,200,109,3,1.5,2.7522935779816513
R004,CNO,T1_SD_CNO,TEST,2,480.0,1784.9,200,94,0,0.0,0.0
R004,CNO,T1_SD_CNO,TEST,2,490.0,1794.9,200,172,0,0.0,0.0
R004,CNO,T1_SD_CNO,TEST,2,500.0,1804.9,200,141,0,0.0,0.0
R004,CNO,T1_SD_CNO,TEST,2,510.0,1814.9,200,101,1,0.5,0.9900990099009901
R004,CNO,T1_SD_CNO,TEST,2,520.0,1824.9,200,96,0,0.0,0.0
R004,CNO,T1_SD_CNO,TEST,2,530.0,1834.9,200,146,0,0.0,0.0
R004,CNO,T1_SD_CNO,TEST,2,540.0,1844.9,200,138,0,0.0,0.0
R004,CNO,T1_SD_CNO,TEST,2,550.0,1854.9,200,95,0,0.0,0.0
R004,CNO,T1_SD_CNO,TEST,2,560.0,1864.9,200,119,0,0.0,0.0
R004,CNO,T1_SD_CNO,TEST,2,570.0,1874.9,200,133,2,1.0,1.5037593984962405
R004,CNO,T1_SD_CNO,TEST,2,580.0,1884.9,200,106,0,0.0,0.0
R004,CNO,T1_SD_CNO,TEST,2,590.0,1894.9,200,93,3,1.5,3.225806451612903
R004,CNO,T1_SD_CNO,TEST,2,600.0,1904.9,200,111,0,0.0,0.0
R004,CNO,T1_SD_CNO,TEST,2,610.0,1914.9,200,115,2,1.0,1.7391304347826086
R004,CNO,T1_SD_CNO,TEST,2,620.0,1924.9,200,94,0,0.0,0.0
R004,CNO,T1_SD_CNO,TEST,2,630.0,1934.9,200,129,0,0.0,0.0
R004,CNO,T1_SD_CNO,TEST,2,640.0,1944.9,198,112,2,1.0101010101010102,1.7857142857142858
R004,CNO,T1_SD_CNO,TEST,3,0.0,1304.9,200,165,0,0.0,0.0
R004,CNO,T1_SD_CNO,TEST,3,10.0,1314.9,200,171,2,1.0,1.1695906432748537
R004,CNO,T1_SD_CNO,TEST,3,20.0,1324.9,200,137,1,0.5,0.7299270072992701
R004,CNO,T1_SD_CNO,TEST,3,30.0,1334.9,200,141,1,0.5,0.7092198581560284
R004,CNO,T1_SD_CNO,TEST,3,40.0,1344.9,200,138,0,0.0,0.0
R004,CNO,T1_SD_CNO,TEST,3,50.0,1354.9,200,151,0,0.0,0.0
R004,CNO,T1_SD_CNO,TEST,3,60.0,1364.9,200,143,0,0.0,0.0
R004,CNO,T1_SD_CNO,TEST,3,70.0,1374.9,200,138,0,0.0,0.0
R004,CNO,T1_SD_CNO,TEST,3,80.0,1384.9,200,115,6,3.0,5.217391304347826
R004,CNO,T1_SD_CNO,TEST,3,90.0,1394.9,200,113,7,3.5,6.1946902654867255
R004,CNO,T1_SD_CNO,TEST,3,100.0,1404.9,200,137,0,0.0,0.0
R004,CNO,T1_SD_CNO,TEST,3,110.0,1414.9,200,155,3,1.5,1.935483870967742
R004,CNO,T1_SD_CNO,TEST,3,120.0,1424.9,200,143,6,3.0,4.195804195804196
R004,CNO,T1_SD_CNO,TEST,3,130.0,1434.9,200,143,1,0.5,0.6993006993006993
R004,CNO,T1_SD_CNO,TEST,3,140.0,1444.9,200,140,6,3.0,4.285714285714286
R004,CNO,T1_SD_CNO,TEST,3,150.0,1454.9,200,137,2,1.0,1.4598540145985401
R004,CNO,T1_SD_CNO,TEST,3,160.0,1464.9,200,123,2,1.0,1.6260162601626016
R004,CNO,T1_SD_CNO,TEST,3,170.0,1474.9,200,133,0,0.0,0.0
R004,CNO,T1_SD_CNO,TEST,3,180.0,1484.9,200,150,0,0.0,0.0
R004,CNO,T1_SD_CNO,TEST,3,190.0,1494.9,200,112,2,1.0,1.7857142857142858
R004,CNO,T1_SD_CNO,TEST,3,200.0,1504.9,200,127,0,0.0,0.0
R004,CNO,T1_SD_CNO,TEST,3,210.0,1514.9,200,121,0,0.0,0.0
R004,CNO,T1_SD_CNO,TEST,3,220.0,1524.9,200,101,1,0.5,0.9900990099009901
R004,CNO,T1_SD_CNO,TEST,3,230.0,1534.9,200,153,5,2.5,3.2679738562091503
R004,CNO,T1_SD_CNO,TEST,3,240.0,1544.9,200,143,5,2.5,3.4965034965034967
R004,CNO,T1_SD_CNO,TEST,3,250.0,1554.9,200,139,2,1.0,1.4388489208633093
R004,CNO,T1_SD_CNO,TEST,3,260.0,1564.9,200,98,3,1.5,3.061224489795918
R004,CNO,T1_SD_CNO,TEST,3,270.0,1574.9,200,132,0,0.0,0.0
R004,CNO,T1_SD_CNO,TEST,3,280.0,1584.9,200,127,0,0.0,0.0
R004,CNO,T1_SD_CNO,TEST,3,290.0,1594.9,200,149,3,1.5,2.0134228187919465
R004,CNO,T1_SD_CNO,TEST,3,300.0,1604.9,200,115,5,2.5,4.3478260869565215
R004,CNO,T1_SD_CNO,TEST,3,310.0,1614.9,200,127,1,0.5,0.7874015748031497
R004,CNO,T1_SD_CNO,TEST,3,320.0,1624.9,200,130,1,0.5,0.7692307692307693
R004,CNO,T1_SD_CNO,TEST,3,330.0,1634.9,200,136,0,0.0,0.0
R004,CNO,T1_SD_CNO,TEST,3,340.0,1644.9,200,115,1,0.5,0.8695652173913043
R004,CNO,T1_SD_CNO,TEST,3,350.0,1654.9,200,133,0,0.0,0.0
R004,CNO,T1_SD_CNO,TEST,3,360.0,1664.9,200,154,4,2.0,2.5974025974025974
R004,CNO,T1_SD_CNO,TEST,3,370.0,1674.9,200,151,0,0.0,0.0
R004,CNO,T1_SD_CNO,TEST,3,380.0,1684.9,200,136,0,0.0,0.0
R004,CNO,T1_SD_CNO,TEST,3,390.0,1694.9,200,145,0,0.0,0.0
R004,CNO,T1_SD_CNO,TEST,3,400.0,1704.9,200,105,0,0.0,0.0
R004,CNO,T1_SD_CNO,TEST,3,410.0,1714.9,200,130,0,0.0,0.0
R004,CNO,T1_SD_CNO,TEST,3,420.0,1724.9,200,152,0,0.0,0.0
R004,CNO,T1_SD_CNO,TEST,3,430.0,1734.9,200,96,1,0.5,1.0416666666666667
R004,CNO,T1_SD_CNO,TEST,3,440.0,1744.9,200,142,0,0.0,0.0
R004,CNO,T1_SD_CNO,TEST,3,450.0,1754.9,200,105,0,0.0,0.0
R004,CNO,T1_SD_CNO,TEST,3,460.0,1764.9,200,125,1,0.5,0.8
R004,CNO,T1_SD_CNO,TEST,3,470.0,1774.9,200,109,0,0.0,0.0
R004,CNO,T1_SD_CNO,TEST,3,480.0,1784.9,200,94,0,0.0,0.0
R004,CNO,T1_SD_CNO,TEST,3,490.0,1794.9,200,172,0,0.0,0.0
R004,CNO,T1_SD_CNO,TEST,3,500.0,1804.9,200,141,3,1.5,2.127659574468085
R004,CNO,T1_SD_CNO,TEST,3,510.0,1814.9,200,101,0,0.0,0.0
R004,CNO,T1_SD_CNO,TEST,3,520.0,1824.9,200,96,0,0.0,0.0
R004,CNO,T1_SD_CNO,TEST,3,530.0,1834.9,200,146,1,0.5,0.684931506849315
R004,CNO,T1_SD_CNO,TEST,3,540.0,1844.9,200,138,0,0.0,0.0
R004,CNO,T1_SD_CNO,TEST,3,550.0,1854.9,200,95,0,0.0,0.0
R004,CNO,T1_SD_CNO,TEST,3,560.0,1864.9,200,119,1,0.5,0.8403361344537815
R004,CNO,T1_SD_CNO,TEST,3,570.0,1874.9,200,133,0,0.0,0.0
R004,CNO,T1_SD_CNO,TEST,3,580.0,1884.9,200,106,0,0.0,0.0
R004,CNO,T1_SD_CNO,TEST,3,590.0,1894.9,200,93,0,0.0,0.0
R004,CNO,T1_SD_CNO,TEST,3,600.0,1904.9,200,111,0,0.0,0.0
R004,CNO,T1_SD_CNO,TEST,3,610.0,1914.9,200,115,1,0.5,0.8695652173913043
R004,CNO,T1_SD_CNO,TEST,3,620.0,1924.9,200,94,0,0.0,0.0
R004,CNO,T1_SD_CNO,TEST,3,630.0,1934.9,200,129,3,1.5,2.3255813953488373
R004,CNO,T1_SD_CNO,TEST,3,640.0,1944.9,198,112,1,0.5050505050505051,0.8928571428571429
R004,CNO,T1_SD_CNO,TEST,4,0.0,1304.9,200,165,3,1.5,1.8181818181818181
R004,CNO,T1_SD_CNO,TEST,4,10.0,1314.9,200,171,2,1.0,1.1695906432748537
R004,CNO,T1_SD_CNO,TEST,4,20.0,1324.9,200,137,1,0.5,0.7299270072992701
R004,CNO,T1_SD_CNO,TEST,4,30.0,1334.9,200,141,0,0.0,0.0
R004,CNO,T1_SD_CNO,TEST,4,40.0,1344.9,200,138,0,0.0,0.0
R004,CNO,T1_SD_CNO,TEST,4,50.0,1354.9,200,151,0,0.0,0.0
R004,CNO,T1_SD_CNO,TEST,4,60.0,1364.9,200,143,0,0.0,0.0
R004,CNO,T1_SD_CNO,TEST,4,70.0,1374.9,200,138,0,0.0,0.0
R004,CNO,T1_SD_CNO,TEST,4,80.0,1384.9,200,115,0,0.0,0.0
R004,CNO,T1_SD_CNO,TEST,4,90.0,1394.9,200,113,0,0.0,0.0
R004,CNO,T1_SD_CNO,TEST,4,100.0,1404.9,200,137,0,0.0,0.0
R004,CNO,T1_SD_CNO,TEST,4,110.0,1414.9,200,155,0,0.0,0.0
R004,CNO,T1_SD_CNO,TEST,4,120.0,1424.9,200,143,0,0.0,0.0
R004,CNO,T1_SD_CNO,TEST,4,130.0,1434.9,200,143,2,1.0,1.3986013986013985
R004,CNO,T1_SD_CNO,TEST,4,140.0,1444.9,200,140,0,0.0,0.0
R004,CNO,T1_SD_CNO,TEST,4,150.0,1454.9,200,137,0,0.0,0.0
R004,CNO,T1_SD_CNO,TEST,4,160.0,1464.9,200,123,4,2.0,3.252032520325203
R004,CNO,T1_SD_CNO,TEST,4,170.0,1474.9,200,133,0,0.0,0.0
R004,CNO,T1_SD_CNO,TEST,4,180.0,1484.9,200,150,3,1.5,2.0
R004,CNO,T1_SD_CNO,TEST,4,190.0,1494.9,200,112,1,0.5,0.8928571428571429
R004,CNO,T1_SD_CNO,TEST,4,200.0,1504.9,200,127,0,0.0,0.0
R004,CNO,T1_SD_CNO,TEST,4,210.0,1514.9,200,121,0,0.0,0.0
R004,CNO,T1_SD_CNO,TEST,4,220.0,1524.9,200,101,0,0.0,0.0
R004,CNO,T1_SD_CNO,TEST,4,230.0,1534.9,200,153,6,3.0,3.9215686274509802
R004,CNO,T1_SD_CNO,TEST,4,240.0,1544.9,200,143,5,2.5,3.4965034965034967
R004,CNO,T1_SD_CNO,TEST,4,250.0,1554.9,200,139,4,2.0,2.8776978417266186
R004,CNO,T1_SD_CNO,TEST,4,260.0,1564.9,200,98,0,0.0,0.0
R004,CNO,T1_SD_CNO,TEST,4,270.0,1574.9,200,132,2,1.0,1.5151515151515151
R004,CNO,T1_SD_CNO,TEST,4,280.0,1584.9,200,127,0,0.0,0.0
R004,CNO,T1_SD_CNO,TEST,4,290.0,1594.9,200,149,3,1.5,2.0134228187919465
R004,CNO,T1_SD_CNO,TEST,4,300.0,1604.9,200,115,0,0.0,0.0
R004,CNO,T1_SD_CNO,TEST,4,310.0,1614.9,200,127,5,2.5,3.937007874015748
R004,CNO,T1_SD_CNO,TEST,4,320.0,1624.9,200,130,2,1.0,1.5384615384615385
R004,CNO,T1_SD_CNO,TEST,4,330.0,1634.9,200,136,2,1.0,1.4705882352941178
R004,CNO,T1_SD_CNO,TEST,4,340.0,1644.9,200,115,4,2.0,3.4782608695652173
R004,CNO,T1_SD_CNO,TEST,4,350.0,1654.9,200,133,0,0.0,0.0
R004,CNO,T1_SD_CNO,TEST,4,360.0,1664.9,200,154,1,0.5,0.6493506493506493
R004,CNO,T1_SD_CNO,TEST,4,370.0,1674.9,200,151,0,0.0,0.0
R004,CNO,T1_SD_CNO,TEST,4,380.0,1684.9,200,136,1,0.5,0.7352941176470589
R004,CNO,T1_SD_CNO,TEST,4,390.0,1694.9,200,145,2,1.0,1.3793103448275863
R004,CNO,T1_SD_CNO,TEST,4,400.0,1704.9,200,105,0,0.0,0.0
R004,CNO,T1_SD_CNO,TEST,4,410.0,1714.9,200,130,0,0.0,0.0
R004,CNO,T1_SD_CNO,TEST,4,420.0,1724.9,200,152,2,1.0,1.3157894736842106
R004,CNO,T1_SD_CNO,TEST,4,430.0,1734.9,200,96,0,0.0,0.0
R004,CNO,T1_SD_CNO,TEST,4,440.0,1744.9,200,142,4,2.0,2.816901408450704
R004,CNO,T1_SD_CNO,TEST,4,450.0,1754.9,200,105,2,1.0,1.9047619047619047
R004,CNO,T1_SD_CNO,TEST,4,460.0,1764.9,200,125,3,1.5,2.4
R004,CNO,T1_SD_CNO,TEST,4,470.0,1774.9,200,109,0,0.0,0.0
R004,CNO,T1_SD_CNO,TEST,4,480.0,1784.9,200,94,1,0.5,1.0638297872340425
R004,CNO,T1_SD_CNO,TEST,4,490.0,1794.9,200,172,2,1.0,1.1627906976744187
R004,CNO,T1_SD_CNO,TEST,4,500.0,1804.9,200,141,1,0.5,0.7092198581560284
R004,CNO,T1_SD_CNO,TEST,4,510.0,1814.9,200,101,5,2.5,4.9504950495049505
R004,CNO,T1_SD_CNO,TEST,4,520.0,1824.9,200,96,4,2.0,4.166666666666667
R004,CNO,T1_SD_CNO,TEST,4,530.0,1834.9,200,146,1,0.5,0.684931506849315
R004,CNO,T1_SD_CNO,TEST,4,540.0,1844.9,200,138,6,3.0,4.3478260869565215
R004,CNO,T1_SD_CNO,TEST,4,550.0,1854.9,200,95,0,0.0,0.0
R004,CNO,T1_SD_CNO,TEST,4,560.0,1864.9,200,119,3,1.5,2.5210084033613445
R004,CNO,T1_SD_CNO,TEST,4,570.0,1874.9,200,133,4,2.0,3.007518796992481
R004,CNO,T1_SD_CNO,TEST,4,580.0,1884.9,200,106,5,2.5,4.716981132075472
R004,CNO,T1_SD_CNO,TEST,4,590.0,1894.9,200,93,3,1.5,3.225806451612903
R004,CNO,T1_SD_CNO,TEST,4,600.0,1904.9,200,111,0,0.0,0.0
R004,CNO,T1_SD_CNO,TEST,4,610.0,1914.9,200,115,0,0.0,0.0
R004,CNO,T1_SD_CNO,TEST,4,620.0,1924.9,200,94,3,1.5,3.1914893617021276
R004,CNO,T1_SD_CNO,TEST,4,630.0,1934.9,200,129,3,1.5,2.3255813953488373
R004,CNO,T1_SD_CNO,TEST,4,640.0,1944.9,198,112,7,3.5353535353535355,6.25
R004,CNO,T1_SD_CNO,TEST,5,0.0,1304.9,200,165,4,2.0,2.4242424242424243
R004,CNO,T1_SD_CNO,TEST,5,10.0,1314.9,200,171,0,0.0,0.0
R004,CNO,T1_SD_CNO,TEST,5,20.0,1324.9,200,137,0,0.0,0.0
R004,CNO,T1_SD_CNO,TEST,5,30.0,1334.9,200,141,3,1.5,2.127659574468085
R004,CNO,T1_SD_CNO,TEST,5,40.0,1344.9,200,138,0,0.0,0.0
R004,CNO,T1_SD_CNO,TEST,5,50.0,1354.9,200,151,2,1.0,1.3245033112582782
R004,CNO,T1_SD_CNO,TEST,5,60.0,1364.9,200,143,1,0.5,0.6993006993006993
R004,CNO,T1_SD_CNO,TEST,5,70.0,1374.9,200,138,4,2.0,2.898550724637681
R004,CNO,T1_SD_CNO,TEST,5,80.0,1384.9,200,115,1,0.5,0.8695652173913043
R004,CNO,T1_SD_CNO,TEST,5,90.0,1394.9,200,113,0,0.0,0.0
R004,CNO,T1_SD_CNO,TEST,5,100.0,1404.9,200,137,5,2.5,3.6496350364963503
R004,CNO,T1_SD_CNO,TEST,5,110.0,1414.9,200,155,0,0.0,0.0
R004,CNO,T1_SD_CNO,TEST,5,120.0,1424.9,200,143,0,0.0,0.0
R004,CNO,T1_SD_CNO,TEST,5,130.0,1434.9,200,143,3,1.5,2.097902097902098
R004,CNO,T1_SD_CNO,TEST,5,140.0,1444.9,200,140,0,0.0,0.0
R004,CNO,T1_SD_CNO,TEST,5,150.0,1454.9,200,137,4,2.0,2.9197080291970803
R004,CNO,T1_SD_CNO,TEST,5,160.0,1464.9,200,123,0,0.0,0.0
R004,CNO,T1_SD_CNO,TEST,5,170.0,1474.9,200,133,7,3.5,5.2631578947368425
R004,CNO,T1_SD_CNO,TEST,5,180.0,1484.9,200,150,6,3.0,4.0
R004,CNO,T1_SD_CNO,TEST,5,190.0,1494.9,200,112,4,2.0,3.5714285714285716
R004,CNO,T1_SD_CNO,TEST,5,200.0,1504.9,200,127,2,1.0,1.5748031496062993
R004,CNO,T1_SD_CNO,TEST,5,210.0,1514.9,200,121,3,1.5,2.479338842975207
R004,CNO,T1_SD_CNO,TEST,5,220.0,1524.9,200,101,4,2.0,3.9603960396039604
R004,CNO,T1_SD_CNO,TEST,5,230.0,1534.9,200,153,6,3.0,3.9215686274509802
R004,CNO,T1_SD_CNO,TEST,5,240.0,1544.9,200,143,1,0.5,0.6993006993006993
R004,CNO,T1_SD_CNO,TEST,5,250.0,1554.9,200,139,0,0.0,0.0
R004,CNO,T1_SD_CNO,TEST,5,260.0,1564.9,200,98,1,0.5,1.0204081632653061
R004,CNO,T1_SD_CNO,TEST,5,270.0,1574.9,200,132,0,0.0,0.0
R004,CNO,T1_SD_CNO,TEST,5,280.0,1584.9,200,127,6,3.0,4.724409448818897
R004,CNO,T1_SD_CNO,TEST,5,290.0,1594.9,200,149,7,3.5,4.697986577181208
R004,CNO,T1_SD_CNO,TEST,5,300.0,1604.9,200,115,2,1.0,1.7391304347826086
R004,CNO,T1_SD_CNO,TEST,5,310.0,1614.9,200,127,1,0.5,0.7874015748031497
R004,CNO,T1_SD_CNO,TEST,5,320.0,1624.9,200,130,0,0.0,0.0
R004,CNO,T1_SD_CNO,TEST,5,330.0,1634.9,200,136,0,0.0,0.0
R004,CNO,T1_SD_CNO,TEST,5,340.0,1644.9,200,115,5,2.5,4.3478260869565215
R004,CNO,T1_SD_CNO,TEST,5,350.0,1654.9,200,133,0,0.0,0.0
R004,CNO,T1_SD_CNO,TEST,5,360.0,1664.9,200,154,4,2.0,2.5974025974025974
R004,CNO,T1_SD_CNO,TEST,5,370.0,1674.9,200,151,2,1.0,1.3245033112582782
R004,CNO,T1_SD_CNO,TEST,5,380.0,1684.9,200,136,5,2.5,3.676470588235294
R004,CNO,T1_SD_CNO,TEST,5,390.0,1694.9,200,145,9,4.5,6.206896551724138
R004,CNO,T1_SD_CNO,TEST,5,400.0,1704.9,200,105,1,0.5,0.9523809523809523
R004,CNO,T1_SD_CNO,TEST,5,410.0,1714.9,200,130,0,0.0,0.0
R004,CNO,T1_SD_CNO,TEST,5,420.0,1724.9,200,152,0,0.0,0.0
R004,CNO,T1_SD_CNO,TEST,5,430.0,1734.9,200,96,1,0.5,1.0416666666666667
R004,CNO,T1_SD_CNO,TEST,5,440.0,1744.9,200,142,6,3.0,4.225352112676056
R004,CNO,T1_SD_CNO,TEST,5,450.0,1754.9,200,105,6,3.0,5.714285714285714
R004,CNO,T1_SD_CNO,TEST,5,460.0,1764.9,200,125,6,3.0,4.8
R004,CNO,T1_SD_CNO,TEST,5,470.0,1774.9,200,109,0,0.0,0.0
R004,CNO,T1_SD_CNO,TEST,5,480.0,1784.9,200,94,0,0.0,0.0
R004,CNO,T1_SD_CNO,TEST,5,490.0,1794.9,200,172,0,0.0,0.0
R004,CNO,T1_SD_CNO,TEST,5,500.0,1804.9,200,141,0,0.0,0.0
R004,CNO,T1_SD_CNO,TEST,5,510.0,1814.9,200,101,3,1.5,2.9702970297029703
R004,CNO,T1_SD_CNO,TEST,5,520.0,1824.9,200,96,4,2.0,4.166666666666667
R004,CNO,T1_SD_CNO,TEST,5,530.0,1834.9,200,146,1,0.5,0.684931506849315
R004,CNO,T1_SD_CNO,TEST,5,540.0,1844.9,200,138,6,3.0,4.3478260869565215
R004,CNO,T1_SD_CNO,TEST,5,550.0,1854.9,200,95,0,0.0,0.0
R004,CNO,T1_SD_CNO,TEST,5,560.0,1864.9,200,119,4,2.0,3.361344537815126
R004,CNO,T1_SD_CNO,TEST,5,570.0,1874.9,200,133,0,0.0,0.0
R004,CNO,T1_SD_CNO,TEST,5,580.0,1884.9,200,106,2,1.0,1.8867924528301887
R004,CNO,T1_SD_CNO,TEST,5,590.0,1894.9,200,93,6,3.0,6.451612903225806
R004,CNO,T1_SD_CNO,TEST,5,600.0,1904.9,200,111,0,0.0,0.0
R004,CNO,T1_SD_CNO,TEST,5,610.0,1914.9,200,115,1,0.5,0.8695652173913043
R004,CNO,T1_SD_CNO,TEST,5,620.0,1924.9,200,94,1,0.5,1.0638297872340425
R004,CNO,T1_SD_CNO,TEST,5,630.0,1934.9,200,129,0,0.0,0.0
R004,CNO,T1_SD_CNO,TEST,5,640.0,1944.9,198,112,1,0.5050505050505051,0.8928571428571429
R004,CNO,T1_SD_CNO,TEST,6,0.0,1304.9,200,165,0,0.0,0.0
R004,CNO,T1_SD_CNO,TEST,6,10.0,1314.9,200,171,4,2.0,2.3391812865497075
R004,CNO,T1_SD_CNO,TEST,6,20.0,1324.9,200,137,0,0.0,0.0
R004,CNO,T1_SD_CNO,TEST,6,30.0,1334.9,200,141,4,2.0,2.8368794326241136
R004,CNO,T1_SD_CNO,TEST,6,40.0,1344.9,200,138,2,1.0,1.4492753623188406
R004,CNO,T1_SD_CNO,TEST,6,50.0,1354.9,200,151,0,0.0,0.0
R004,CNO,T1_SD_CNO,TEST,6,60.0,1364.9,200,143,0,0.0,0.0
R004,CNO,T1_SD_CNO,TEST,6,70.0,1374.9,200,138,0,0.0,0.0
R004,CNO,T1_SD_CNO,TEST,6,80.0,1384.9,200,115,0,0.0,0.0
R004,CNO,T1_SD_CNO,TEST,6,90.0,1394.9,200,113,0,0.0,0.0
R004,CNO,T1_SD_CNO,TEST,6,100.0,1404.9,200,137,0,0.0,0.0
R004,CNO,T1_SD_CNO,TEST,6,110.0,1414.9,200,155,0,0.0,0.0
R004,CNO,T1_SD_CNO,TEST,6,120.0,1424.9,200,143,4,2.0,2.797202797202797
R004,CNO,T1_SD_CNO,TEST,6,130.0,1434.9,200,143,3,1.5,2.097902097902098
R004,CNO,T1_SD_CNO,TEST,6,140.0,1444.9,200,140,0,0.0,0.0
R004,CNO,T1_SD_CNO,TEST,6,150.0,1454.9,200,137,0,0.0,0.0
R004,CNO,T1_SD_CNO,TEST,6,160.0,1464.9,200,123,2,1.0,1.6260162601626016
R004,CNO,T1_SD_CNO,TEST,6,170.0,1474.9,200,133,0,0.0,0.0
R004,CNO,T1_SD_CNO,TEST,6,180.0,1484.9,200,150,0,0.0,0.0
R004,CNO,T1_SD_CNO,TEST,6,190.0,1494.9,200,112,0,0.0,0.0
R004,CNO,T1_SD_CNO,TEST,6,200.0,1504.9,200,127,0,0.0,0.0
R004,CNO,T1_SD_CNO,TEST,6,210.0,1514.9,200,121,0,0.0,0.0
R004,CNO,T1_SD_CNO,TEST,6,220.0,1524.9,200,101,0,0.0,0.0
R004,CNO,T1_SD_CNO,TEST,6,230.0,1534.9,200,153,0,0.0,0.0
R004,CNO,T1_SD_CNO,TEST,6,240.0,1544.9,200,143,0,0.0,0.0
R004,CNO,T1_SD_CNO,TEST,6,250.0,1554.9,200,139,1,0.5,0.7194244604316546
R004,CNO,T1_SD_CNO,TEST,6,260.0,1564.9,200,98,6,3.0,6.122448979591836
R004,CNO,T1_SD_CNO,TEST,6,270.0,1574.9,200,132,0,0.0,0.0
R004,CNO,T1_SD_CNO,TEST,6,280.0,1584.9,200,127,0,0.0,0.0
R004,CNO,T1_SD_CNO,TEST,6,290.0,1594.9,200,149,0,0.0,0.0
R004,CNO,T1_SD_CNO,TEST,6,300.0,1604.9,200,115,0,0.0,0.0
R004,CNO,T1_SD_CNO,TEST,6,310.0,1614.9,200,127,3,1.5,2.3622047244094486
R004,CNO,T1_SD_CNO,TEST,6,320.0,1624.9,200,130,2,1.0,1.5384615384615385
R004,CNO,T1_SD_CNO,TEST,6,330.0,1634.9,200,136,1,0.5,0.7352941176470589
R004,CNO,T1_SD_CNO,TEST,6,340.0,1644.9,200,115,1,0.5,0.8695652173913043
R004,CNO,T1_SD_CNO,TEST,6,350.0,1654.9,200,133,3,1.5,2.255639097744361
R004,CNO,T1_SD_CNO,TEST,6,360.0,1664.9,200,154,0,0.0,0.0
R004,CNO,T1_SD_CNO,TEST,6,370.0,1674.9,200,151,1,0.5,0.6622516556291391
R004,CNO,T1_SD_CNO,TEST,6,380.0,1684.9,200,136,2,1.0,1.4705882352941178
R004,CNO,T1_SD_CNO,TEST,6,390.0,1694.9,200,145,0,0.0,0.0
R004,CNO,T1_SD_CNO,TEST,6,400.0,1704.9,200,105,0,0.0,0.0
R004,CNO,T1_SD_CNO,TEST,6,410.0,1714.9,200,130,0,0.0,0.0
R004,CNO,T1_SD_CNO,TEST,6,420.0,1724.9,200,152,0,0.0,0.0
R004,CNO,T1_SD_CNO,TEST,6,430.0,1734.9,200,96,0,0.0,0.0
R004,CNO,T1_SD_CNO,TEST,6,440.0,1744.9,200,142,1,0.5,0.704225352112676
R004,CNO,T1_SD_CNO,TEST,6,450.0,1754.9,200,105,0,0.0,0.0
R004,CNO,T1_SD_CNO,TEST,6,460.0,1764.9,200,125,0,0.0,0.0
R004,CNO,T1_SD_CNO,TEST,6,470.0,1774.9,200,109,1,0.5,0.9174311926605505
R004,CNO,T1_SD_CNO,TEST,6,480.0,1784.9,200,94,0,0.0,0.0
R004,CNO,T1_SD_CNO,TEST,6,490.0,1794.9,200,172,3,1.5,1.744186046511628
R004,CNO,T1_SD_CNO,TEST,6,500.0,1804.9,200,141,1,0.5,0.7092198581560284
R004,CNO,T1_SD_CNO,TEST,6,510.0,1814.9,200,101,0,0.0,0.0
R004,CNO,T1_SD_CNO,TEST,6,520.0,1824.9,200,96,0,0.0,0.0
R004,CNO,T1_SD_CNO,TEST,6,530.0,1834.9,200,146,0,0.0,0.0
R004,CNO,T1_SD_CNO,TEST,6,540.0,1844.9,200,138,0,0.0,0.0
R004,CNO,T1_SD_CNO,TEST,6,550.0,1854.9,200,95,0,0.0,0.0
R004,CNO,T1_SD_CNO,TEST,6,560.0,1864.9,200,119,0,0.0,0.0
R004,CNO,T1_SD_CNO,TEST,6,570.0,1874.9,200,133,0,0.0,0.0
R004,CNO,T1_SD_CNO,TEST,6,580.0,1884.9,200,106,1,0.5,0.9433962264150944
R004,CNO,T1_SD_CNO,TEST,6,590.0,1894.9,200,93,0,0.0,0.0
R004,CNO,T1_SD_CNO,TEST,6,600.0,1904.9,200,111,0,0.0,0.0
R004,CNO,T1_SD_CNO,TEST,6,610.0,1914.9,200,115,0,0.0,0.0
R004,CNO,T1_SD_CNO,TEST,6,620.0,1924.9,200,94,2,1.0,2.127659574468085
R004,CNO,T1_SD_CNO,TEST,6,630.0,1934.9,200,129,3,1.5,2.3255813953488373
R004,CNO,T1_SD_CNO,TEST,6,640.0,1944.9,198,112,0,0.0,0.0
R004,CNO,T1_SD_CNO,OF2,1,0.0,1954.8000000000002,200,179,0,0.0,0.0
R004,CNO,T1_SD_CNO,OF2,1,10.0,1964.8000000000002,200,173,0,0.0,0.0
R004,CNO,T1_SD_CNO,OF2,1,20.0,1974.8000000000002,200,141,0,0.0,0.0
R004,CNO,T1_SD_CNO,OF2,1,30.0,1984.8000000000002,200,130,0,0.0,0.0
R004,CNO,T1_SD_CNO,OF2,1,40.0,1994.8000000000002,200,147,0,0.0,0.0
R004,CNO,T1_SD_CNO,OF2,1,50.0,2004.8000000000002,200,136,0,0.0,0.0
R004,CNO,T1_SD_CNO,OF2,1,60.0,2014.8000000000002,200,112,1,0.5,0.8928571428571429
R004,CNO,T1_SD_CNO,OF2,1,70.0,2024.8000000000002,200,133,0,0.0,0.0
R004,CNO,T1_SD_CNO,OF2,1,80.0,2034.8000000000002,200,118,0,0.0,0.0
R004,CNO,T1_SD_CNO,OF2,1,90.0,2044.8000000000002,200,101,0,0.0,0.0
R004,CNO,T1_SD_CNO,OF2,1,100.0,2054.8,200,135,1,0.5,0.7407407407407407
R004,CNO,T1_SD_CNO,OF2,1,110.0,2064.8,200,81,2,1.0,2.4691358024691357
R004,CNO,T1_SD_CNO,OF2,1,120.0,2074.8,200,107,2,1.0,1.8691588785046729
R004,CNO,T1_SD_CNO,OF2,1,130.0,2084.8,200,123,2,1.0,1.6260162601626016
R004,CNO,T1_SD_CNO,OF2,1,140.0,2094.8,200,109,1,0.5,0.9174311926605505
R004,CNO,T1_SD_CNO,OF2,1,150.0,2104.8,200,122,1,0.5,0.819672131147541
R004,CNO,T1_SD_CNO,OF2,1,160.0,2114.8,200,104,0,0.0,0.0
R004,CNO,T1_SD_CNO,OF2,1,170.0,2124.8,200,135,1,0.5,0.7407407407407407
R004,CNO,T1_SD_CNO,OF2,1,180.0,2134.8,200,100,0,0.0,0.0
R004,CNO,T1_SD_CNO,OF2,1,190.0,2144.8,200,85,0,0.0,0.0
R004,CNO,T1_SD_CNO,OF2,1,200.0,2154.8,200,111,1,0.5,0.9009009009009009
R004,CNO,T1_SD_CNO,OF2,1,210.0,2164.8,200,103,0,0.0,0.0
R004,CNO,T1_SD_CNO,OF2,1,220.0,2174.8,200,117,2,1.0,1.7094017094017093
R004,CNO,T1_SD_CNO,OF2,1,230.0,2184.8,200,106,0,0.0,0.0
R004,CNO,T1_SD_CNO,OF2,1,240.0,2194.8,200,123,3,1.5,2.4390243902439024
R004,CNO,T1_SD_CNO,OF2,1,250.0,2204.8,200,137,2,1.0,1.4598540145985401
R004,CNO,T1_SD_CNO,OF2,1,260.0,2214.8,200,71,2,1.0,2.816901408450704
R004,CNO,T1_SD_CNO,OF2,1,270.0,2224.8,200,118,2,1.0,1.694915254237288
R004,CNO,T1_SD_CNO,OF2,1,280.0,2234.8,200,107,3,1.5,2.803738317757009
R004,CNO,T1_SD_CNO,OF2,1,290.0,2244.8,200,91,2,1.0,2.197802197802198
R004,CNO,T1_SD_CNO,OF2,1,300.0,2254.8,200,114,1,0.5,0.8771929824561403
R004,CNO,T1_SD_CNO,OF2,1,310.0,2264.8,200,111,1,0.5,0.9009009009009009
R004,CNO,T1_SD_CNO,OF2,1,320.0,2274.8,200,158,1,0.5,0.6329113924050633
R004,CNO,T1_SD_CNO,OF2,1,330.0,2284.8,200,111,4,2.0,3.6036036036036037
R004,CNO,T1_SD_CNO,OF2,1,340.0,2294.8,200,96,1,0.5,1.0416666666666667
R004,CNO,T1_SD_CNO,OF2,1,350.0,2304.8,200,124,0,0.0,0.0
R004,CNO,T1_SD_CNO,OF2,1,360.0,2314.8,200,128,0,0.0,0.0
R004,CNO,T1_SD_CNO,OF2,1,370.0,2324.8,200,123,1,0.5,0.8130081300813008
R004,CNO,T1_SD_CNO,OF2,1,380.0,2334.8,200,107,3,1.5,2.803738317757009
R004,CNO,T1_SD_CNO,OF2,1,390.0,2344.8,200,125,3,1.5,2.4
R004,CNO,T1_SD_CNO,OF2,1,400.0,2354.8,200,137,1,0.5,0.7299270072992701
R004,CNO,T1_SD_CNO,OF2,1,410.0,2364.8,200,123,1,0.5,0.8130081300813008
R004,CNO,T1_SD_CNO,OF2,1,420.0,2374.8,200,124,4,2.0,3.225806451612903
R004,CNO,T1_SD_CNO,OF2,1,430.0,2384.8,200,145,0,0.0,0.0
R004,CNO,T1_SD_CNO,OF2,1,440.0,2394.8,200,119,4,2.0,3.361344537815126
R004,CNO,T1_SD_CNO,OF2,1,450.0,2404.8,200,130,2,1.0,1.5384615384615385
R004,CNO,T1_SD_CNO,OF2,1,460.0,2414.8,200,145,3,1.5,2.0689655172413794
R004,CNO,T1_SD_CNO,OF2,1,470.0,2424.8,200,129,0,0.0,0.0
R004,CNO,T1_SD_CNO,OF2,1,480.0,2434.8,200,113,3,1.5,2.6548672566371683
R004,CNO,T1_SD_CNO,OF2,1,490.0,2444.8,200,117,1,0.5,0.8547008547008547
R004,CNO,T1_SD_CNO,OF2,1,500.0,2454.8,200,143,2,1.0,1.3986013986013985
R004,CNO,T1_SD_CNO,OF2,1,510.0,2464.8,200,107,5,2.5,4.672897196261682
R004,CNO,T1_SD_CNO,OF2,1,520.0,2474.8,200,133,0,0.0,0.0
R004,CNO,T1_SD_CNO,OF2,1,530.0,2484.8,200,156,1,0.5,0.6410256410256411
R004,CNO,T1_SD_CNO,OF2,1,540.0,2494.8,200,138,1,0.5,0.7246376811594203
R004,CNO,T1_SD_CNO,OF2,1,550.0,2504.8,200,134,0,0.0,0.0
R004,CNO,T1_SD_CNO,OF2,1,560.0,2514.8,200,138,1,0.5,0.7246376811594203
R004,CNO,T1_SD_CNO,OF2,1,570.0,2524.8,200,142,1,0.5,0.704225352112676
R004,CNO,T1_SD_CNO,OF2,1,580.0,2534.8,200,126,2,1.0,1.5873015873015872
R004,CNO,T1_SD_CNO,OF2,1,590.0,2544.8,200,125,1,0.5,0.8
R004,CNO,T1_SD_CNO,OF2,1,600.0,2554.8,200,113,1,0.5,0.8849557522123894
R004,CNO,T1_SD_CNO,OF2,1,610.0,2564.8,200,131,2,1.0,1.5267175572519085
R004,CNO,T1_SD_CNO,OF2,1,620.0,2574.8,200,161,9,4.5,5.590062111801243
R004,CNO,T1_SD_CNO,OF2,1,630.0,2584.8,200,182,1,0.5,0.5494505494505495
R004,CNO,T1_SD_CNO,OF2,1,640.0,2594.8,199,145,0,0.0,0.0
R004,CNO,T1_SD_CNO,OF2,2,0.0,1954.8000000000002,200,179,4,2.0,2.2346368715083798
R004,CNO,T1_SD_CNO,OF2,2,10.0,1964.8000000000002,200,173,0,0.0,0.0
R004,CNO,T1_SD_CNO,OF2,2,20.0,1974.8000000000002,200,141,0,0.0,0.0
R004,CNO,T1_SD_CNO,OF2,2,30.0,1984.8000000000002,200,130,5,2.5,3.8461538461538463
R004,CNO,T1_SD_CNO,OF2,2,40.0,1994.8000000000002,200,147,0,0.0,0.0
R004,CNO,T1_SD_CNO,OF2,2,50.0,2004.8000000000002,200,136,0,0.0,0.0
R004,CNO,T1_SD_CNO,OF2,2,60.0,2014.8000000000002,200,112,7,3.5,6.25
R004,CNO,T1_SD_CNO,OF2,2,70.0,2024.8000000000002,200,133,0,0.0,0.0
R004,CNO,T1_SD_CNO,OF2,2,80.0,2034.8000000000002,200,118,7,3.5,5.932203389830509
R004,CNO,T1_SD_CNO,OF2,2,90.0,2044.8000000000002,200,101,3,1.5,2.9702970297029703
R004,CNO,T1_SD_CNO,OF2,2,100.0,2054.8,200,135,0,0.0,0.0
R004,CNO,T1_SD_CNO,OF2,2,110.0,2064.8,200,81,0,0.0,0.0
R004,CNO,T1_SD_CNO,OF2,2,120.0,2074.8,200,107,0,0.0,0.0
R004,CNO,T1_SD_CNO,OF2,2,130.0,2084.8,200,123,2,1.0,1.6260162601626016
R004,CNO,T1_SD_CNO,OF2,2,140.0,2094.8,200,109,3,1.5,2.7522935779816513
R004,CNO,T1_SD_CNO,OF2,2,150.0,2104.8,200,122,0,0.0,0.0
R004,CNO,T1_SD_CNO,OF2,2,160.0,2114.8,200,104,7,3.5,6.730769230769231
R004,CNO,T1_SD_CNO,OF2,2,170.0,2124.8,200,135,3,1.5,2.2222222222222223
R004,CNO,T1_SD_CNO,OF2,2,180.0,2134.8,200,100,0,0.0,0.0
R004,CNO,T1_SD_CNO,OF2,2,190.0,2144.8,200,85,0,0.0,0.0
R004,CNO,T1_SD_CNO,OF2,2,200.0,2154.8,200,111,7,3.5,6.306306306306307
R004,CNO,T1_SD_CNO,OF2,2,210.0,2164.8,200,103,2,1.0,1.941747572815534
R004,CNO,T1_SD_CNO,OF2,2,220.0,2174.8,200,117,0,0.0,0.0
R004,CNO,T1_SD_CNO,OF2,2,230.0,2184.8,200,106,0,0.0,0.0
R004,CNO,T1_SD_CNO,OF2,2,240.0,2194.8,200,123,9,4.5,7.317073170731708
R004,CNO,T1_SD_CNO,OF2,2,250.0,2204.8,200,137,0,0.0,0.0
R004,CNO,T1_SD_CNO,OF2,2,260.0,2214.8,200,71,0,0.0,0.0
R004,CNO,T1_SD_CNO,OF2,2,270.0,2224.8,200,118,2,1.0,1.694915254237288
R004,CNO,T1_SD_CNO,OF2,2,280.0,2234.8,200,107,3,1.5,2.803738317757009
R004,CNO,T1_SD_CNO,OF2,2,290.0,2244.8,200,91,0,0.0,0.0
R004,CNO,T1_SD_CNO,OF2,2,300.0,2254.8,200,114,1,0.5,0.8771929824561403
R004,CNO,T1_SD_CNO,OF2,2,310.0,2264.8,200,111,3,1.5,2.7027027027027026
R004,CNO,T1_SD_CNO,OF2,2,320.0,2274.8,200,158,0,0.0,0.0
R004,CNO,T1_SD_CNO,OF2,2,330.0,2284.8,200,111,1,0.5,0.9009009009009009
R004,CNO,T1_SD_CNO,OF2,2,340.0,2294.8,200,96,7,3.5,7.291666666666667
R004,CNO,T1_SD_CNO,OF2,2,350.0,2304.8,200,124,0,0.0,0.0
R004,CNO,T1_SD_CNO,OF2,2,360.0,2314.8,200,128,0,0.0,0.0
R004,CNO,T1_SD_CNO,OF2,2,370.0,2324.8,200,123,0,0.0,0.0
R004,CNO,T1_SD_CNO,OF2,2,380.0,2334.8,200,107,0,0.0,0.0
R004,CNO,T1_SD_CNO,OF2,2,390.0,2344.8,200,125,0,0.0,0.0
R004,CNO,T1_SD_CNO,OF2,2,400.0,2354.8,200,137,6,3.0,4.37956204379562
R004,CNO,T1_SD_CNO,OF2,2,410.0,2364.8,200,123,2,1.0,1.6260162601626016
R004,CNO,T1_SD_CNO,OF2,2,420.0,2374.8,200,124,1,0.5,0.8064516129032258
R004,CNO,T1_SD_CNO,OF2,2,430.0,2384.8,200,145,5,2.5,3.4482758620689653
R004,CNO,T1_SD_CNO,OF2,2,440.0,2394.8,200,119,0,0.0,0.0
R004,CNO,T1_SD_CNO,OF2,2,450.0,2404.8,200,130,5,2.5,3.8461538461538463
R004,CNO,T1_SD_CNO,OF2,2,460.0,2414.8,200,145,0,0.0,0.0
R004,CNO,T1_SD_CNO,OF2,2,470.0,2424.8,200,129,5,2.5,3.875968992248062
R004,CNO,T1_SD_CNO,OF2,2,480.0,2434.8,200,113,0,0.0,0.0
R004,CNO,T1_SD_CNO,OF2,2,490.0,2444.8,200,117,0,0.0,0.0
R004,CNO,T1_SD_CNO,OF2,2,500.0,2454.8,200,143,7,3.5,4.895104895104895
R004,CNO,T1_SD_CNO,OF2,2,510.0,2464.8,200,107,0,0.0,0.0
R004,CNO,T1_SD_CNO,OF2,2,520.0,2474.8,200,133,0,0.0,0.0
R004,CNO,T1_SD_CNO,OF2,2,530.0,2484.8,200,156,0,0.0,0.0
R004,CNO,T1_SD_CNO,OF2,2,540.0,2494.8,200,138,0,0.0,0.0
R004,CNO,T1_SD_CNO,OF2,2,550.0,2504.8,200,134,5,2.5,3.7313432835820897
R004,CNO,T1_SD_CNO,OF2,2,560.0,2514.8,200,138,0,0.0,0.0
R004,CNO,T1_SD_CNO,OF2,2,570.0,2524.8,200,142,0,0.0,0.0
R004,CNO,T1_SD_CNO,OF2,2,580.0,2534.8,200,126,0,0.0,0.0
R004,CNO,T1_SD_CNO,OF2,2,590.0,2544.8,200,125,0,0.0,0.0
R004,CNO,T1_SD_CNO,OF2,2,600.0,2554.8,200,113,0,0.0,0.0
R004,CNO,T1_SD_CNO,OF2,2,610.0,2564.8,200,131,0,0.0,0.0
R004,CNO,T1_SD_CNO,OF2,2,620.0,2574.8,200,161,4,2.0,2.484472049689441
R004,CNO,T1_SD_CNO,OF2,2,630.0,2584.8,200,182,0,0.0,0.0
R004,CNO,T1_SD_CNO,OF2,2,640.0,2594.8,199,145,1,0.5025125628140703,0.6896551724137931
R004,CNO,T1_SD_CNO,OF2,3,0.0,1954.8000000000002,200,179,0,0.0,0.0
R004,CNO,T1_SD_CNO,OF2,3,10.0,1964.8000000000002,200,173,0,0.0,0.0
R004,CNO,T1_SD_CNO,OF2,3,20.0,1974.8000000000002,200,141,0,0.0,0.0
R004,CNO,T1_SD_CNO,OF2,3,30.0,1984.8000000000002,200,130,0,0.0,0.0
R004,CNO,T1_SD_CNO,OF2,3,40.0,1994.8000000000002,200,147,0,0.0,0.0
R004,CNO,T1_SD_CNO,OF2,3,50.0,2004.8000000000002,200,136,0,0.0,0.0
R004,CNO,T1_SD_CNO,OF2,3,60.0,2014.8000000000002,200,112,0,0.0,0.0
R004,CNO,T1_SD_CNO,OF2,3,70.0,2024.8000000000002,200,133,0,0.0,0.0
R004,CNO,T1_SD_CNO,OF2,3,80.0,2034.8000000000002,200,118,0,0.0,0.0
R004,CNO,T1_SD_CNO,OF2,3,90.0,2044.8000000000002,200,101,1,0.5,0.9900990099009901
R004,CNO,T1_SD_CNO,OF2,3,100.0,2054.8,200,135,1,0.5,0.7407407407407407
R004,CNO,T1_SD_CNO,OF2,3,110.0,2064.8,200,81,2,1.0,2.4691358024691357
R004,CNO,T1_SD_CNO,OF2,3,120.0,2074.8,200,107,1,0.5,0.9345794392523364
R004,CNO,T1_SD_CNO,OF2,3,130.0,2084.8,200,123,1,0.5,0.8130081300813008
R004,CNO,T1_SD_CNO,OF2,3,140.0,2094.8,200,109,2,1.0,1.834862385321101
R004,CNO,T1_SD_CNO,OF2,3,150.0,2104.8,200,122,1,0.5,0.819672131147541
R004,CNO,T1_SD_CNO,OF2,3,160.0,2114.8,200,104,1,0.5,0.9615384615384616
R004,CNO,T1_SD_CNO,OF2,3,170.0,2124.8,200,135,0,0.0,0.0
R004,CNO,T1_SD_CNO,OF2,3,180.0,2134.8,200,100,1,0.5,1.0
R004,CNO,T1_SD_CNO,OF2,3,190.0,2144.8,200,85,1,0.5,1.1764705882352942
R004,CNO,T1_SD_CNO,OF2,3,200.0,2154.8,200,111,1,0.5,0.9009009009009009
R004,CNO,T1_SD_CNO,OF2,3,210.0,2164.8,200,103,5,2.5,4.854368932038835
R004,CNO,T1_SD_CNO,OF2,3,220.0,2174.8,200,117,2,1.0,1.7094017094017093
R004,CNO,T1_SD_CNO,OF2,3,230.0,2184.8,200,106,5,2.5,4.716981132075472
R004,CNO,T1_SD_CNO,OF2,3,240.0,2194.8,200,123,2,1.0,1.6260162601626016
R004,CNO,T1_SD_CNO,OF2,3,250.0,2204.8,200,137,1,0.5,0.7299270072992701
R004,CNO,T1_SD_CNO,OF2,3,260.0,2214.8,200,71,3,1.5,4.225352112676056
R004,CNO,T1_SD_CNO,OF2,3,270.0,2224.8,200,118,6,3.0,5.084745762711864
R004,CNO,T1_SD_CNO,OF2,3,280.0,2234.8,200,107,3,1.5,2.803738317757009
R004,CNO,T1_SD_CNO,OF2,3,290.0,2244.8,200,91,2,1.0,2.197802197802198
R004,CNO,T1_SD_CNO,OF2,3,300.0,2254.8,200,114,2,1.0,1.7543859649122806
R004,CNO,T1_SD_CNO,OF2,3,310.0,2264.8,200,111,2,1.0,1.8018018018018018
R004,CNO,T1_SD_CNO,OF2,3,320.0,2274.8,200,158,2,1.0,1.2658227848101267
R004,CNO,T1_SD_CNO,OF2,3,330.0,2284.8,200,111,3,1.5,2.7027027027027026
R004,CNO,T1_SD_CNO,OF2,3,340.0,2294.8,200,96,0,0.0,0.0
R004,CNO,T1_SD_CNO,OF2,3,350.0,2304.8,200,124,2,1.0,1.6129032258064515
R004,CNO,T1_SD_CNO,OF2,3,360.0,2314.8,200,128,0,0.0,0.0
R004,CNO,T1_SD_CNO,OF2,3,370.0,2324.8,200,123,0,0.0,0.0
R004,CNO,T1_SD_CNO,OF2,3,380.0,2334.8,200,107,0,0.0,0.0
R004,CNO,T1_SD_CNO,OF2,3,390.0,2344.8,200,125,1,0.5,0.8
R004,CNO,T1_SD_CNO,OF2,3,400.0,2354.8,200,137,5,2.5,3.6496350364963503
R004,CNO,T1_SD_CNO,OF2,3,410.0,2364.8,200,123,1,0.5,0.8130081300813008
R004,CNO,T1_SD_CNO,OF2,3,420.0,2374.8,200,124,1,0.5,0.8064516129032258
R004,CNO,T1_SD_CNO,OF2,3,430.0,2384.8,200,145,5,2.5,3.4482758620689653
R004,CNO,T1_SD_CNO,OF2,3,440.0,2394.8,200,119,2,1.0,1.680672268907563
R004,CNO,T1_SD_CNO,OF2,3,450.0,2404.8,200,130,8,4.0,6.153846153846154
R004,CNO,T1_SD_CNO,OF2,3,460.0,2414.8,200,145,4,2.0,2.7586206896551726
R004,CNO,T1_SD_CNO,OF2,3,470.0,2424.8,200,129,1,0.5,0.7751937984496124
R004,CNO,T1_SD_CNO,OF2,3,480.0,2434.8,200,113,4,2.0,3.5398230088495577
R004,CNO,T1_SD_CNO,OF2,3,490.0,2444.8,200,117,2,1.0,1.7094017094017093
R004,CNO,T1_SD_CNO,OF2,3,500.0,2454.8,200,143,3,1.5,2.097902097902098
R004,CNO,T1_SD_CNO,OF2,3,510.0,2464.8,200,107,2,1.0,1.8691588785046729
R004,CNO,T1_SD_CNO,OF2,3,520.0,2474.8,200,133,9,4.5,6.7669172932330826
R004,CNO,T1_SD_CNO,OF2,3,530.0,2484.8,200,156,5,2.5,3.2051282051282053
R004,CNO,T1_SD_CNO,OF2,3,540.0,2494.8,200,138,6,3.0,4.3478260869565215
R004,CNO,T1_SD_CNO,OF2,3,550.0,2504.8,200,134,1,0.5,0.746268656716418
R004,CNO,T1_SD_CNO,OF2,3,560.0,2514.8,200,138,3,1.5,2.1739130434782608
R004,CNO,T1_SD_CNO,OF2,3,570.0,2524.8,200,142,4,2.0,2.816901408450704
R004,CNO,T1_SD_CNO,OF2,3,580.0,2534.8,200,126,3,1.5,2.380952380952381
R004,CNO,T1_SD_CNO,OF2,3,590.0,2544.8,200,125,4,2.0,3.2
R004,CNO,T1_SD_CNO,OF2,3,600.0,2554.8,200,113,2,1.0,1.7699115044247788
R004,CNO,T1_SD_CNO,OF2,3,610.0,2564.8,200,131,2,1.0,1.5267175572519085
R004,CNO,T1_SD_CNO,OF2,3,620.0,2574.8,200,161,0,0.0,0.0
R004,CNO,T1_SD_CNO,OF2,3,630.0,2584.8,200,182,1,0.5,0.5494505494505495
R004,CNO,T1_SD_CNO,OF2,3,640.0,2594.8,199,145,2,1.0050251256281406,1.3793103448275863
R004,CNO,T1_SD_CNO,OF2,4,0.0,1954.8000000000002,200,179,0,0.0,0.0
R004,CNO,T1_SD_CNO,OF2,4,10.0,1964.8000000000002,200,173,0,0.0,0.0
R004,CNO,T1_SD_CNO,OF2,4,20.0,1974.8000000000002,200,141,0,0.0,0.0
R004,CNO,T1_SD_CNO,OF2,4,30.0,1984.8000000000002,200,130,0,0.0,0.0
R004,CNO,T1_SD_CNO,OF2,4,40.0,1994.8000000000002,200,147,0,0.0,0.0
R004,CNO,T1_SD_CNO,OF2,4,50.0,2004.8000000000002,200,136,0,0.0,0.0
R004,CNO,T1_SD_CNO,OF2,4,60.0,2014.8000000000002,200,112,0,0.0,0.0
R004,CNO,T1_SD_CNO,OF2,4,70.0,2024.8000000000002,200,133,3,1.5,2.255639097744361
R004,CNO,T1_SD_CNO,OF2,4,80.0,2034.8000000000002,200,118,1,0.5,0.847457627118644
R004,CNO,T1_SD_CNO,OF2,4,90.0,2044.8000000000002,200,101,5,2.5,4.9504950495049505
R004,CNO,T1_SD_CNO,OF2,4,100.0,2054.8,200,135,0,0.0,0.0
R004,CNO,T1_SD_CNO,OF2,4,110.0,2064.8,200,81,1,0.5,1.2345679012345678
R004,CNO,T1_SD_CNO,OF2,4,120.0,2074.8,200,107,1,0.5,0.9345794392523364
R004,CNO,T1_SD_CNO,OF2,4,130.0,2084.8,200,123,0,0.0,0.0
R004,CNO,T1_SD_CNO,OF2,4,140.0,2094.8,200,109,1,0.5,0.9174311926605505
R004,CNO,T1_SD_CNO,OF2,4,150.0,2104.8,200,122,1,0.5,0.819672131147541
R004,CNO,T1_SD_CNO,OF2,4,160.0,2114.8,200,104,0,0.0,0.0
R004,CNO,T1_SD_CNO,OF2,4,170.0,2124.8,200,135,0,0.0,0.0
R004,CNO,T1_SD_CNO,OF2,4,180.0,2134.8,200,100,2,1.0,2.0
R004,CNO,T1_SD_CNO,OF2,4,190.0,2144.8,200,85,0,0.0,0.0
R004,CNO,T1_SD_CNO,OF2,4,200.0,2154.8,200,111,0,0.0,0.0
R004,CNO,T1_SD_CNO,OF2,4,210.0,2164.8,200,103,0,0.0,0.0
R004,CNO,T1_SD_CNO,OF2,4,220.0,2174.8,200,117,2,1.0,1.7094017094017093
R004,CNO,T1_SD_CNO,OF2,4,230.0,2184.8,200,106,3,1.5,2.830188679245283
R004,CNO,T1_SD_CNO,OF2,4,240.0,2194.8,200,123,0,0.0,0.0
R004,CNO,T1_SD_CNO,OF2,4,250.0,2204.8,200,137,8,4.0,5.839416058394161
R004,CNO,T1_SD_CNO,OF2,4,260.0,2214.8,200,71,0,0.0,0.0
R004,CNO,T1_SD_CNO,OF2,4,270.0,2224.8,200,118,1,0.5,0.847457627118644
R004,CNO,T1_SD_CNO,OF2,4,280.0,2234.8,200,107,0,0.0,0.0
R004,CNO,T1_SD_CNO,OF2,4,290.0,2244.8,200,91,0,0.0,0.0
R004,CNO,T1_SD_CNO,OF2,4,300.0,2254.8,200,114,0,0.0,0.0
R004,CNO,T1_SD_CNO,OF2,4,310.0,2264.8,200,111,1,0.5,0.9009009009009009
R004,CNO,T1_SD_CNO,OF2,4,320.0,2274.8,200,158,0,0.0,0.0
R004,CNO,T1_SD_CNO,OF2,4,330.0,2284.8,200,111,0,0.0,0.0
R004,CNO,T1_SD_CNO,OF2,4,340.0,2294.8,200,96,0,0.0,0.0
R004,CNO,T1_SD_CNO,OF2,4,350.0,2304.8,200,124,5,2.5,4.032258064516129
R004,CNO,T1_SD_CNO,OF2,4,360.0,2314.8,200,128,12,6.0,9.375
R004,CNO,T1_SD_CNO,OF2,4,370.0,2324.8,200,123,2,1.0,1.6260162601626016
R004,CNO,T1_SD_CNO,OF2,4,380.0,2334.8,200,107,0,0.0,0.0
R004,CNO,T1_SD_CNO,OF2,4,390.0,2344.8,200,125,0,0.0,0.0
R004,CNO,T1_SD_CNO,OF2,4,400.0,2354.8,200,137,0,0.0,0.0
R004,CNO,T1_SD_CNO,OF2,4,410.0,2364.8,200,123,0,0.0,0.0
R004,CNO,T1_SD_CNO,OF2,4,420.0,2374.8,200,124,0,0.0,0.0
R004,CNO,T1_SD_CNO,OF2,4,430.0,2384.8,200,145,4,2.0,2.7586206896551726
R004,CNO,T1_SD_CNO,OF2,4,440.0,2394.8,200,119,7,3.5,5.882352941176471
R004,CNO,T1_SD_CNO,OF2,4,450.0,2404.8,200,130,0,0.0,0.0
R004,CNO,T1_SD_CNO,OF2,4,460.0,2414.8,200,145,0,0.0,0.0
R004,CNO,T1_SD_CNO,OF2,4,470.0,2424.8,200,129,0,0.0,0.0
R004,CNO,T1_SD_CNO,OF2,4,480.0,2434.8,200,113,1,0.5,0.8849557522123894
R004,CNO,T1_SD_CNO,OF2,4,490.0,2444.8,200,117,1,0.5,0.8547008547008547
R004,CNO,T1_SD_CNO,OF2,4,500.0,2454.8,200,143,0,0.0,0.0
R004,CNO,T1_SD_CNO,OF2,4,510.0,2464.8,200,107,4,2.0,3.7383177570093458
R004,CNO,T1_SD_CNO,OF2,4,520.0,2474.8,200,133,1,0.5,0.7518796992481203
R004,CNO,T1_SD_CNO,OF2,4,530.0,2484.8,200,156,2,1.0,1.2820512820512822
R004,CNO,T1_SD_CNO,OF2,4,540.0,2494.8,200,138,0,0.0,0.0
R004,CNO,T1_SD_CNO,OF2,4,550.0,2504.8,200,134,0,0.0,0.0
R004,CNO,T1_SD_CNO,OF2,4,560.0,2514.8,200,138,0,0.0,0.0
R004,CNO,T1_SD_CNO,OF2,4,570.0,2524.8,200,142,0,0.0,0.0
R004,CNO,T1_SD_CNO,OF2,4,580.0,2534.8,200,126,3,1.5,2.380952380952381
R004,CNO,T1_SD_CNO,OF2,4,590.0,2544.8,200,125,1,0.5,0.8
R004,CNO,T1_SD_CNO,OF2,4,600.0,2554.8,200,113,5,2.5,4.424778761061947
R004,CNO,T1_SD_CNO,OF2,4,610.0,2564.8,200,131,2,1.0,1.5267175572519085
R004,CNO,T1_SD_CNO,OF2,4,620.0,2574.8,200,161,0,0.0,0.0
R004,CNO,T1_SD_CNO,OF2,4,630.0,2584.8,200,182,0,0.0,0.0
R004,CNO,T1_SD_CNO,OF2,4,640.0,2594.8,199,145,1,0.5025125628140703,0.6896551724137931
R004,CNO,T1_SD_CNO,OF2,5,0.0,1954.8000000000002,200,179,0,0.0,0.0
R004,CNO,T1_SD_CNO,OF2,5,10.0,1964.8000000000002,200,173,0,0.0,0.0
R004,CNO,T1_SD_CNO,OF2,5,20.0,1974.8000000000002,200,141,0,0.0,0.0
R004,CNO,T1_SD_CNO,OF2,5,30.0,1984.8000000000002,200,130,0,0.0,0.0
R004,CNO,T1_SD_CNO,OF2,5,40.0,1994.8000000000002,200,147,0,0.0,0.0
R004,CNO,T1_SD_CNO,OF2,5,50.0,2004.8000000000002,200,136,0,0.0,0.0
R004,CNO,T1_SD_CNO,OF2,5,60.0,2014.8000000000002,200,112,0,0.0,0.0
R004,CNO,T1_SD_CNO,OF2,5,70.0,2024.8000000000002,200,133,1,0.5,0.7518796992481203
R004,CNO,T1_SD_CNO,OF2,5,80.0,2034.8000000000002,200,118,0,0.0,0.0
R004,CNO,T1_SD_CNO,OF2,5,90.0,2044.8000000000002,200,101,1,0.5,0.9900990099009901
R004,CNO,T1_SD_CNO,OF2,5,100.0,2054.8,200,135,2,1.0,1.4814814814814814
R004,CNO,T1_SD_CNO,OF2,5,110.0,2064.8,200,81,3,1.5,3.7037037037037037
R004,CNO,T1_SD_CNO,OF2,5,120.0,2074.8,200,107,2,1.0,1.8691588785046729
R004,CNO,T1_SD_CNO,OF2,5,130.0,2084.8,200,123,0,0.0,0.0
R004,CNO,T1_SD_CNO,OF2,5,140.0,2094.8,200,109,0,0.0,0.0
R004,CNO,T1_SD_CNO,OF2,5,150.0,2104.8,200,122,3,1.5,2.459016393442623
R004,CNO,T1_SD_CNO,OF2,5,160.0,2114.8,200,104,3,1.5,2.8846153846153846
R004,CNO,T1_SD_CNO,OF2,5,170.0,2124.8,200,135,1,0.5,0.7407407407407407
R004,CNO,T1_SD_CNO,OF2,5,180.0,2134.8,200,100,0,0.0,0.0
R004,CNO,T1_SD_CNO,OF2,5,190.0,2144.8,200,85,3,1.5,3.5294117647058822
R004,CNO,T1_SD_CNO,OF2,5,200.0,2154.8,200,111,6,3.0,5.405405405405405
R004,CNO,T1_SD_CNO,OF2,5,210.0,2164.8,200,103,7,3.5,6.796116504854369
R004,CNO,T1_SD_CNO,OF2,5,220.0,2174.8,200,117,3,1.5,2.5641025641025643
R004,CNO,T1_SD_CNO,OF2,5,230.0,2184.8,200,106,0,0.0,0.0
R004,CNO,T1_SD_CNO,OF2,5,240.0,2194.8,200,123,1,0.5,0.8130081300813008
R004,CNO,T1_SD_CNO,OF2,5,250.0,2204.8,200,137,0,0.0,0.0
R004,CNO,T1_SD_CNO,OF2,5,260.0,2214.8,200,71,0,0.0,0.0
R004,CNO,T1_SD_CNO,OF2,5,270.0,2224.8,200,118,0,0.0,0.0
R004,CNO,T1_SD_CNO,OF2,5,280.0,2234.8,200,107,0,0.0,0.0
R004,CNO,T1_SD_CNO,OF2,5,290.0,2244.8,200,91,2,1.0,2.197802197802198
R004,CNO,T1_SD_CNO,OF2,5,300.0,2254.8,200,114,6,3.0,5.2631578947368425
R004,CNO,T1_SD_CNO,OF2,5,310.0,2264.8,200,111,6,3.0,5.405405405405405
R004,CNO,T1_SD_CNO,OF2,5,320.0,2274.8,200,158,1,0.5,0.6329113924050633
R004,CNO,T1_SD_CNO,OF2,5,330.0,2284.8,200,111,1,0.5,0.9009009009009009
R004,CNO,T1_SD_CNO,OF2,5,340.0,2294.8,200,96,0,0.0,0.0
R004,CNO,T1_SD_CNO,OF2,5,350.0,2304.8,200,124,1,0.5,0.8064516129032258
R004,CNO,T1_SD_CNO,OF2,5,360.0,2314.8,200,128,0,0.0,0.0
R004,CNO,T1_SD_CNO,OF2,5,370.0,2324.8,200,123,2,1.0,1.6260162601626016
R004,CNO,T1_SD_CNO,OF2,5,380.0,2334.8,200,107,4,2.0,3.7383177570093458
R004,CNO,T1_SD_CNO,OF2,5,390.0,2344.8,200,125,0,0.0,0.0
R004,CNO,T1_SD_CNO,OF2,5,400.0,2354.8,200,137,2,1.0,1.4598540145985401
R004,CNO,T1_SD_CNO,OF2,5,410.0,2364.8,200,123,0,0.0,0.0
R004,CNO,T1_SD_CNO,OF2,5,420.0,2374.8,200,124,0,0.0,0.0
R004,CNO,T1_SD_CNO,OF2,5,430.0,2384.8,200,145,5,2.5,3.4482758620689653
R004,CNO,T1_SD_CNO,OF2,5,440.0,2394.8,200,119,8,4.0,6.722689075630252
R004,CNO,T1_SD_CNO,OF2,5,450.0,2404.8,200,130,1,0.5,0.7692307692307693
R004,CNO,T1_SD_CNO,OF2,5,460.0,2414.8,200,145,1,0.5,0.6896551724137931
R004,CNO,T1_SD_CNO,OF2,5,470.0,2424.8,200,129,0,0.0,0.0
R004,CNO,T1_SD_CNO,OF2,5,480.0,2434.8,200,113,0,0.0,0.0
R004,CNO,T1_SD_CNO,OF2,5,490.0,2444.8,200,117,0,0.0,0.0
R004,CNO,T1_SD_CNO,OF2,5,500.0,2454.8,200,143,5,2.5,3.4965034965034967
R004,CNO,T1_SD_CNO,OF2,5,510.0,2464.8,200,107,4,2.0,3.7383177570093458
R004,CNO,T1_SD_CNO,OF2,5,520.0,2474.8,200,133,1,0.5,0.7518796992481203
R004,CNO,T1_SD_CNO,OF2,5,530.0,2484.8,200,156,0,0.0,0.0
R004,CNO,T1_SD_CNO,OF2,5,540.0,2494.8,200,138,4,2.0,2.898550724637681
R004,CNO,T1_SD_CNO,OF2,5,550.0,2504.8,200,134,0,0.0,0.0
R004,CNO,T1_SD_CNO,OF2,5,560.0,2514.8,200,138,1,0.5,0.7246376811594203
R004,CNO,T1_SD_CNO,OF2,5,570.0,2524.8,200,142,0,0.0,0.0
R004,CNO,T1_SD_CNO,OF2,5,580.0,2534.8,200,126,2,1.0,1.5873015873015872
R004,CNO,T1_SD_CNO,OF2,5,590.0,2544.8,200,125,0,0.0,0.0
R004,CNO,T1_SD_CNO,OF2,5,600.0,2554.8,200,113,0,0.0,0.0
R004,CNO,T1_SD_CNO,OF2,5,610.0,2564.8,200,131,0,0.0,0.0
R004,CNO,T1_SD_CNO,OF2,5,620.0,2574.8,200,161,0,0.0,0.0
R004,CNO,T1_SD_CNO,OF2,5,630.0,2584.8,200,182,0,0.0,0.0
R004,CNO,T1_SD_CNO,OF2,5,640.0,2594.8,199,145,0,0.0,0.0
R004,CNO,T1_SD_CNO,OF2,6,0.0,1954.8000000000002,200,179,0,0.0,0.0
R004,CNO,T1_SD_CNO,OF2,6,10.0,1964.8000000000002,200,173,0,0.0,0.0
R004,CNO,T1_SD_CNO,OF2,6,20.0,1974.8000000000002,200,141,0,0.0,0.0
R004,CNO,T1_SD_CNO,OF2,6,30.0,1984.8000000000002,200,130,0,0.0,0.0
R004,CNO,T1_SD_CNO,OF2,6,40.0,1994.8000000000002,200,147,0,0.0,0.0
R004,CNO,T1_SD_CNO,OF2,6,50.0,2004.8000000000002,200,136,0,0.0,0.0
R004,CNO,T1_SD_CNO,OF2,6,60.0,2014.8000000000002,200,112,1,0.5,0.8928571428571429
R004,CNO,T1_SD_CNO,OF2,6,70.0,2024.8000000000002,200,133,0,0.0,0.0
R004,CNO,T1_SD_CNO,OF2,6,80.0,2034.8000000000002,200,118,0,0.0,0.0
R004,CNO,T1_SD_CNO,OF2,6,90.0,2044.8000000000002,200,101,0,0.0,0.0
R004,CNO,T1_SD_CNO,OF2,6,100.0,2054.8,200,135,3,1.5,2.2222222222222223
R004,CNO,T1_SD_CNO,OF2,6,110.0,2064.8,200,81,0,0.0,0.0
R004,CNO,T1_SD_CNO,OF2,6,120.0,2074.8,200,107,1,0.5,0.9345794392523364
R004,CNO,T1_SD_CNO,OF2,6,130.0,2084.8,200,123,0,0.0,0.0
R004,CNO,T1_SD_CNO,OF2,6,140.0,2094.8,200,109,0,0.0,0.0
R004,CNO,T1_SD_CNO,OF2,6,150.0,2104.8,200,122,2,1.0,1.639344262295082
R004,CNO,T1_SD_CNO,OF2,6,160.0,2114.8,200,104,1,0.5,0.9615384615384616
R004,CNO,T1_SD_CNO,OF2,6,170.0,2124.8,200,135,0,0.0,0.0
R004,CNO,T1_SD_CNO,OF2,6,180.0,2134.8,200,100,6,3.0,6.0
R004,CNO,T1_SD_CNO,OF2,6,190.0,2144.8,200,85,0,0.0,0.0
R004,CNO,T1_SD_CNO,OF2,6,200.0,2154.8,200,111,0,0.0,0.0
R004,CNO,T1_SD_CNO,OF2,6,210.0,2164.8,200,103,0,0.0,0.0
R004,CNO,T1_SD_CNO,OF2,6,220.0,2174.8,200,117,1,0.5,0.8547008547008547
R004,CNO,T1_SD_CNO,OF2,6,230.0,2184.8,200,106,1,0.5,0.9433962264150944
R004,CNO,T1_SD_CNO,OF2,6,240.0,2194.8,200,123,0,0.0,0.0
R004,CNO,T1_SD_CNO,OF2,6,250.0,2204.8,200,137,0,0.0,0.0
R004,CNO,T1_SD_CNO,OF2,6,260.0,2214.8,200,71,0,0.0,0.0
R004,CNO,T1_SD_CNO,OF2,6,270.0,2224.8,200,118,2,1.0,1.694915254237288
R004,CNO,T1_SD_CNO,OF2,6,280.0,2234.8,200,107,1,0.5,0.9345794392523364
R004,CNO,T1_SD_CNO,OF2,6,290.0,2244.8,200,91,0,0.0,0.0
R004,CNO,T1_SD_CNO,OF2,6,300.0,2254.8,200,114,4,2.0,3.508771929824561
R004,CNO,T1_SD_CNO,OF2,6,310.0,2264.8,200,111,0,0.0,0.0
R004,CNO,T1_SD_CNO,OF2,6,320.0,2274.8,200,158,7,3.5,4.430379746835443
R004,CNO,T1_SD_CNO,OF2,6,330.0,2284.8,200,111,1,0.5,0.9009009009009009
R004,CNO,T1_SD_CNO,OF2,6,340.0,2294.8,200,96,2,1.0,2.0833333333333335
R004,CNO,T1_SD_CNO,OF2,6,350.0,2304.8,200,124,2,1.0,1.6129032258064515
R004,CNO,T1_SD_CNO,OF2,6,360.0,2314.8,200,128,2,1.0,1.5625
R004,CNO,T1_SD_CNO,OF2,6,370.0,2324.8,200,123,0,0.0,0.0
R004,CNO,T1_SD_CNO,OF2,6,380.0,2334.8,200,107,0,0.0,0.0
R004,CNO,T1_SD_CNO,OF2,6,390.0,2344.8,200,125,0,0.0,0.0
R004,CNO,T1_SD_CNO,OF2,6,400.0,2354.8,200,137,3,1.5,2.18978102189781
R004,CNO,T1_SD_CNO,OF2,6,410.0,2364.8,200,123,0,0.0,0.0
R004,CNO,T1_SD_CNO,OF2,6,420.0,2374.8,200,124,0,0.0,0.0
R004,CNO,T1_SD_CNO,OF2,6,430.0,2384.8,200,145,0,0.0,0.0
R004,CNO,T1_SD_CNO,OF2,6,440.0,2394.8,200,119,0,0.0,0.0
R004,CNO,T1_SD_CNO,OF2,6,450.0,2404.8,200,130,2,1.0,1.5384615384615385
R004,CNO,T1_SD_CNO,OF2,6,460.0,2414.8,200,145,0,0.0,0.0
R004,CNO,T1_SD_CNO,OF2,6,470.0,2424.8,200,129,2,1.0,1.550387596899225
R004,CNO,T1_SD_CNO,OF2,6,480.0,2434.8,200,113,3,1.5,2.6548672566371683
R004,CNO,T1_SD_CNO,OF2,6,490.0,2444.8,200,117,0,0.0,0.0
R004,CNO,T1_SD_CNO,OF2,6,500.0,2454.8,200,143,0,0.0,0.0
R004,CNO,T1_SD_CNO,OF2,6,510.0,2464.8,200,107,0,0.0,0.0
R004,CNO,T1_SD_CNO,OF2,6,520.0,2474.8,200,133,2,1.0,1.5037593984962405
R004,CNO,T1_SD_CNO,OF2,6,530.0,2484.8,200,156,0,0.0,0.0
R004,CNO,T1_SD_CNO,OF2,6,540.0,2494.8,200,138,0,0.0,0.0
R004,CNO,T1_SD_CNO,OF2,6,550.0,2504.8,200,134,0,0.0,0.0
R004,CNO,T1_SD_CNO,OF2,6,560.0,2514.8,200,138,3,1.5,2.1739130434782608
R004,CNO,T1_SD_CNO,OF2,6,570.0,2524.8,200,142,0,0.0,0.0
R004,CNO,T1_SD_CNO,OF2,6,580.0,2534.8,200,126,1,0.5,0.7936507936507936
R004,CNO,T1_SD_CNO,OF2,6,590.0,2544.8,200,125,0,0.0,0.0
R004,CNO,T1_SD_CNO,OF2,6,600.0,2554.8,200,113,1,0.5,0.8849557522123894
R004,CNO,T1_SD_CNO,OF2,6,610.0,2564.8,200,131,0,0.0,0.0
R004,CNO,T1_SD_CNO,OF2,6,620.0,2574.8,200,161,0,0.0,0.0
R004,CNO,T1_SD_CNO,OF2,6,630.0,2584.8,200,182,0,0.0,0.0
R004,CNO,T1_SD_CNO,OF2,6,640.0,2594.8,199,145,0,0.0,0.0
