package_path,source_path,sha256,bytes
registration_runner/run_cross_registration_by_animal.py,revision-datos/run_cross_registration_by_animal.py,0ebab66fa88c6d97bb8ffcf4f90f34e2719a35b3469acfef2d31d3f40614bd7a,52951
registration_runner/cross_registration_reference.py,revision-datos/cross_registration_reference.py,b85b1017277ab00b3845f15c0a0935b8ffa7549113ed2f8b8a1887e00a92a128,7614
registration_runner/cross_registration_qc.py,revision-datos/cross_registration_qc.py,a6c64318ec80d4aedfd2d99399dd327a451b5397ee7675054845dcfd2997e201,17041
registration_runner/R005_SD_VEH_CNO.txt,revision-datos/registration_manifests/R005_SD_VEH_CNO.txt,b4eb4a79467033f9563cb9e24874f190820e4c9060053fcf8d3ce8e034ad8599,303
network_6day/audit_sd_pairwise_network.py,revision-datos/audit_sd_pairwise_network.py,92eccdb4b02da17e372573be04185160f45b46d584079a878348d1809f93ffa5,23071
network_6day/core/data_loader.py,revision-datos/core/data_loader.py,08f04635b648f4a5473e9c0a4a0c95d4e869a0cef7cb8528f0d26bab428ccdd3,5717
network_6day/core/__init__.py,revision-datos/core/__init__.py,3bfeba3f6ace4b5bf94d79fed1d1fa98c78e68596eb64b39e603b2ded0477889,520
network_6day/SD_pairwise_network_by_day_onsets.csv,revision-datos/results/resultados_correlacion/SD_pairwise_network_by_day_onsets.csv,3c13f3d2962ef63771e389c12265280faa6aa2e99d3e8ddf44533d39065fb600,30526
network_6day/SD_pairwise_network_contrasts_onsets.csv,revision-datos/results/resultados_correlacion/SD_pairwise_network_contrasts_onsets.csv,5077604b654807c35e7c836cfecd46b4d4b518f337d23781b2b9412d01f9cd03,1864
network_6day/SD_pairwise_network_protocol_onsets.json,revision-datos/results/resultados_correlacion/SD_pairwise_network_protocol_onsets.json,f8e6dee144c3c866acaf61ee50ba6a3c3bdd1bd8700aa7d108abf1cd6b5a6d7b,1795
network_6day/SD_pairwise_network_by_day.csv,revision-datos/results/resultados_correlacion/SD_pairwise_network_by_day.csv,51e28bf31c58b4b75e71ba9f9e7203db91d98929ce0c64eef326464d426c1e67,30489
network_6day/SD_pairwise_network_contrasts.csv,revision-datos/results/resultados_correlacion/SD_pairwise_network_contrasts.csv,f013b3c1970a34ab84f25cbf0063ff64123f270a80576a7d87b0ec9fe9c2ee84,1853
network_6day/SD_pairwise_network_protocol.json,revision-datos/results/resultados_correlacion/SD_pairwise_network_protocol.json,c4c97ed62b4357e09592e155be9e574fcda61fc326c4c241c553a6fb8841a765,1778
network_6day/17_SD_pairwise_network.png,revision-datos/results/resultados_correlacion/17_SD_pairwise_network.png,140d7331e39d7082a3db4e4f1d0b2f96c38241775d6522a8e62d5bad4e4fe3e6,121540
network_6day/RESULTADO_CLAVE_SD.md,revision-datos/results/resultados_correlacion/RESULTADO_CLAVE_SD.md,18d2ad5c139f3b726a80f60a6c2f2520067f3bda8a68bb41878e0d33e37bbf81,7384
network_10day_reported/CA1_context_network_joint_evidence.csv,revision-datos/results/resultados_correlacion/CA1_context_network_joint_evidence.csv,ef5b75e7ba06f4e8e4ca72fd0c9db1e1288486783d7a80cc926ff1459a68ab2c,3576
network_10day_reported/18_CA1_maps_vs_networks.png,revision-datos/results/resultados_correlacion/18_CA1_maps_vs_networks.png,6b9fdd532235eedab00dbd884acbaff9fe6e6773fffe9a4db6ffe12e8ce85ea9,142156
network_10day_reported/RESULTADO_CONGRESO_CA1.md,revision-datos/results/resultados_correlacion/RESULTADO_CONGRESO_CA1.md,1dcb63462b6bb6473e7618e93ec82ee26b987bbfd285598108c4a5616fdaefc0,7057
network_10day_reported/make_ca1_context_network_figure.py,revision-datos/make_ca1_context_network_figure.py,797d249beae89a57a186a4a6c7ee6bc1406d0e11a6978ed0691e39a53084d769,8312
crossday_R005/LEEME.md,CA1_ensembles_fast_2026-09-29/crossday_R005/LEEME.md,df49dd6fa56730b4f819e92297f6a11c0961cf571c95dbff8ff939a2d3eefb33,6418
crossday_R005/existing_consistent_all4_links.csv,CA1_ensembles_fast_2026-09-29/crossday_R005/existing_consistent_all4_links.csv,2a59520fa4b66b872063f6e0f4fd346b3ba036b772c51830a63f95ad3e0c13b0,476
crossday_R005/F5_core_centroid_candidates.csv,CA1_ensembles_fast_2026-09-29/crossday_R005/F5_core_centroid_candidates.csv,4c1196cee2e6fae7a793bcfb1fbc880b2ebb406fb9663bd1aafbe721009d2412,989
