animal,task,treatment,day_id,delta_event_map_weakest_margin_vs_HabL,delta_continuous_map_weakest_margin_vs_HabL,network_onset_similarity_observed,network_onset_max_null_q95,network_onset_observed_over_max_null_q95,network_onset_identity_holm_p,network_onset_temporal_holm_p,network_frame_similarity_observed,network_frame_max_null_q95,position_controlled_network_onset_similarity,position_controlled_network_onset_max_null_q95,position_controlled_network_onset_ratio,position_controlled_identity_holm_p,position_controlled_temporal_holm_p,position_controlled_network_frame_similarity,position_controlled_network_frame_max_null_q95
R004,SD,CNO,R004_2026_06_19_merged,-0.03845385219872258,-0.01856238035501101,0.06630817081420996,0.00936592510041018,7.079724651151224,0.05,0.05,0.1059487420517136,0.009846666913623204,0.045378479806605115,0.009808041267678268,4.626660774373656,0.05,0.05,0.07171594795646082,0.009497605052217022
R004,SD,VEH,R004_2026_06_21_merged,-0.01991906306426061,-0.03640730441009882,0.09435341644454809,0.017526636337952112,5.383429805081056,0.05,0.05,0.19322767132915514,0.019992705185312654,0.044038763786515694,0.01862020531500793,2.365106240317358,0.05,0.05,0.1251154174000898,0.01704856219796194
R005,SD,VEH,R005_2026_06_19_merged,-0.019134375430548578,-0.03038832844610384,0.11961072003301387,0.02327400472042276,5.139241031778961,0.05,0.05,0.10968090734636404,0.019384516981904205,0.11422605681246842,0.020465974287506974,5.581266506437239,0.05,0.05,0.10575649874509571,0.021022359525520763
R005,SD,CNO,R005_2026_06_21_merged,-0.022037186167822798,-0.016963512603283326,0.2575850202758936,0.017526037116370196,14.697276889554015,0.05,0.05,0.2856777062824424,0.018111740214209738,0.22648040641299486,0.01301405186111827,17.40275886633311,0.05,0.05,0.2530504556203944,0.01183757438483921
R006,SD,VEH,R006_2026_06_20_merged,-0.03404702922407796,-0.12305899469396908,0.5654633355679406,0.034046373723133926,16.60862152798722,0.05,0.05,0.5702043564488963,0.03977891098149542,0.5545077581523584,0.04212896158172733,13.162151103028043,0.05,0.05,0.5705514934114573,0.03611309199028008
R006,SD,CNO,R006_2026_06_22_merged,-0.0699952699557713,-0.3147555640228632,0.6197054009410501,0.03139812871722192,19.737017021690875,0.05,0.05,0.6362339637229333,0.03003129192261512,0.5950834319785825,0.02514384945991964,23.667156969229023,0.05,0.05,0.6231635407890117,0.02842807726960451
R004,XsS,CNO,R004_2026_06_24_merged,-0.1034849233190358,-0.23389839920294037,0.09837363032332405,0.01714131563908067,5.73897782379323,0.05,0.05,0.17050573886008819,0.018441130281826562,0.06879893724840741,0.016953292613554452,4.058146037861782,0.05,0.05,0.11993792773828738,0.015354326360175332
R005,XsS,VEH,R005_2026_06_24_merged,-0.08183484501287186,-0.2677144735579654,0.09006084232429257,0.014492819988811073,6.214169664276687,0.05,0.05,0.12322351539048701,0.01686834219824575,0.07412923181640128,0.01596388709097716,4.64355776221315,0.05,0.05,0.10595152091128353,0.01636391463826935
R006,XsS,VEH,R006_2026_06_25_merged,-0.03198154769074632,-0.03692368710791122,0.6227942024992253,0.03257800765380581,19.11701320465709,0.05,0.05,0.590832766862416,0.02673893717883307,0.6175392615580535,0.034248111292539664,18.031337736646908,0.05,0.05,0.588130328914678,0.026239447740694442
R006,XsS,CNO,R006_2026_06_27_merged,-0.05222226674298905,-0.18567431112762656,0.6049099838062382,0.03331750591245842,18.15592035597251,0.05,0.05,0.6445891891384693,0.03403311409111136,0.577445839362908,0.028240853164133786,20.447181110529304,0.05,0.05,0.6168550728770025,0.026088559009138437
